ace_id,pair_id,type,method,path,path_depth,breaking_change,shared_schemas_count,calls_services_count,has_request_body,has_response_body,detail_len,is_add,is_remove,detail,raw_type
pair-0292dd3dadd5c9d61a84::ace::0,pair-0292dd3dadd5c9d61a84,ENDPOINT_ADDED,get,/auto865,1,0,0,0,0,0,0,0,0,,ENDPOINT_ADDED
pair-03a156c8b704d8b1f9c2::ace::0,pair-03a156c8b704d8b1f9c2,ENDPOINT_ADDED,post,/auto158,1,0,0,0,0,0,0,0,0,,ENDPOINT_ADDED
pair-03a156c8b704d8b1f9c2::ace::1,pair-03a156c8b704d8b1f9c2,ENDPOINT_ADDED,post,/auto577,1,0,0,1,0,0,0,0,0,,ENDPOINT_ADDED
pair-041cbc31f5df487273ea::ace::0,pair-041cbc31f5df487273ea,ENDPOINT_ADDED,post,/auto306,1,0,0,1,0,0,0,0,0,,ENDPOINT_ADDED
pair-041cbc31f5df487273ea::ace::1,pair-041cbc31f5df487273ea,ENDPOINT_ADDED,post,/auto365,1,0,0,0,0,0,0,0,0,,ENDPOINT_ADDED
pair-041cbc31f5df487273ea::ace::2,pair-041cbc31f5df487273ea,ENDPOINT_ADDED,get,/auto453,1,0,0,1,0,0,0,0,0,,ENDPOINT_ADDED
pair-041cbc31f5df487273ea::ace::3,pair-041cbc31f5df487273ea,ENDPOINT_REMOVED,post,/voidTransaction,1,0,0,0,0,0,0,0,0,,ENDPOINT_REMOVED
pair-0584f1f0005174fe5bca::ace::0,pair-0584f1f0005174fe5bca,ENDPOINT_REMOVED,get,/airportsapi/v1/airports/{icao_code},4,0,0,1,0,0,0,0,0,,ENDPOINT_REMOVED
pair-0584f1f0005174fe5bca::ace::1,pair-0584f1f0005174fe5bca,ENDPOINT_ADDED,get,/auto343,1,0,0,0,0,0,0,0,0,,ENDPOINT_ADDED
pair-0584f1f0005174fe5bca::ace::2,pair-0584f1f0005174fe5bca,ENDPOINT_ADDED,post,/auto882,1,0,0,1,0,0,0,0,0,,ENDPOINT_ADDED
pair-0584f1f0005174fe5bca::ace::3,pair-0584f1f0005174fe5bca,ENDPOINT_ADDED,post,/auto890,1,0,0,0,0,0,0,0,0,,ENDPOINT_ADDED
pair-05b61bef30fea5e5cb9d::ace::0,pair-05b61bef30fea5e5cb9d,ENDPOINT_ADDED,get,/auto608,1,0,0,0,0,0,0,0,0,,ENDPOINT_ADDED
pair-05b61bef30fea5e5cb9d::ace::1,pair-05b61bef30fea5e5cb9d,ENDPOINT_ADDED,get,/auto689,1,0,0,0,0,0,0,0,0,,ENDPOINT_ADDED
pair-060df4a77b6ef3a82022::ace::0,pair-060df4a77b6ef3a82022,ENDPOINT_ADDED,get,/auto174,1,0,0,1,0,0,0,0,0,,ENDPOINT_ADDED
pair-060df4a77b6ef3a82022::ace::1,pair-060df4a77b6ef3a82022,ENDPOINT_ADDED,get,/auto985,1,0,0,1,0,0,0,0,0,,ENDPOINT_ADDED
pair-06395ff3626e315cee4a::ace::0,pair-06395ff3626e315cee4a,ENDPOINT_ADDED,get,/auto196,1,0,0,0,0,0,0,0,0,,ENDPOINT_ADDED
pair-06395ff3626e315cee4a::ace::1,pair-06395ff3626e315cee4a,ENDPOINT_ADDED,get,/auto375,1,0,0,0,0,0,0,0,0,,ENDPOINT_ADDED
pair-06395ff3626e315cee4a::ace::2,pair-06395ff3626e315cee4a,ENDPOINT_ADDED,get,/auto699,1,0,0,0,0,0,0,0,0,,ENDPOINT_ADDED
pair-06bac9427c571e38e5de::ace::0,pair-06bac9427c571e38e5de,RECIPE_ADDED,,,0,0,0,0,0,0,6,1,0,Added8,RECIPE_ADDED
pair-07995852b85410d6191b::ace::0,pair-07995852b85410d6191b,ENDPOINT_ADDED,get,/auto675,1,0,0,1,0,0,0,0,0,,ENDPOINT_ADDED
pair-084174fcc1f947988bd4::ace::0,pair-084174fcc1f947988bd4,ENDPOINT_ADDED,post,/auto985,1,0,0,1,0,0,0,0,0,,ENDPOINT_ADDED
pair-09d14202120c911f3ead::ace::0,pair-09d14202120c911f3ead,ENDPOINT_ADDED,get,/auto139,1,0,0,0,0,0,0,0,0,,ENDPOINT_ADDED
pair-09d14202120c911f3ead::ace::1,pair-09d14202120c911f3ead,ENDPOINT_ADDED,get,/auto373,1,0,0,0,0,0,0,0,0,,ENDPOINT_ADDED
pair-09d14202120c911f3ead::ace::2,pair-09d14202120c911f3ead,ENDPOINT_ADDED,get,/auto627,1,0,0,0,0,0,0,0,0,,ENDPOINT_ADDED
pair-0a3dc9760b45de63849c::ace::0,pair-0a3dc9760b45de63849c,ENDPOINT_ADDED,get,/auto275,1,0,0,1,0,0,0,0,0,,ENDPOINT_ADDED
pair-0a3dc9760b45de63849c::ace::1,pair-0a3dc9760b45de63849c,ENDPOINT_ADDED,get,/auto568,1,0,0,1,0,0,0,0,0,,ENDPOINT_ADDED
pair-0a95affc6c919979adbe::ace::0,pair-0a95affc6c919979adbe,ENDPOINT_ADDED,get,/auto678,1,0,0,0,0,0,0,0,0,,ENDPOINT_ADDED
pair-0a95affc6c919979adbe::ace::1,pair-0a95affc6c919979adbe,ENDPOINT_ADDED,get,/auto976,1,0,0,0,0,0,0,0,0,,ENDPOINT_ADDED
pair-0a95affc6c919979adbe::ace::4,pair-0a95affc6c919979adbe,PARAM_REQUIRED_ADDED,get,/v2/customers/{customerId}/domains/{domain}/actions,6,0,0,0,0,0,12,0,0,X-Request-Id,PARAM_REQUIRED_ADDED
pair-0b81a52e8d68f73a0ca9::ace::0,pair-0b81a52e8d68f73a0ca9,ENDPOINT_ADDED,get,/auto113,1,0,0,0,0,0,0,0,0,,ENDPOINT_ADDED
pair-0b81a52e8d68f73a0ca9::ace::1,pair-0b81a52e8d68f73a0ca9,ENDPOINT_ADDED,get,/auto223,1,0,0,0,0,0,0,0,0,,ENDPOINT_ADDED
pair-0b81a52e8d68f73a0ca9::ace::2,pair-0b81a52e8d68f73a0ca9,ENDPOINT_ADDED,get,/auto862,1,0,0,0,0,0,0,0,0,,ENDPOINT_ADDED
pair-0c8931fd9b623a92d839::ace::0,pair-0c8931fd9b623a92d839,ENDPOINT_ADDED,get,/auto901,1,0,0,0,0,0,0,0,0,,ENDPOINT_ADDED
pair-0c8931fd9b623a92d839::ace::1,pair-0c8931fd9b623a92d839,PARAM_REQUIRED_ADDED,get,/v1/agreements,2,0,0,0,0,0,18,0,0,X-Private-Label-Id,PARAM_REQUIRED_ADDED
pair-0cd13c006a6c0c5698c0::ace::0,pair-0cd13c006a6c0c5698c0,ENDPOINT_ADDED,get,/auto104,1,0,0,0,0,0,0,0,0,,ENDPOINT_ADDED
pair-0d302a1fc9b6036320b2::ace::0,pair-0d302a1fc9b6036320b2,ENDPOINT_ADDED,get,/auto237,1,0,0,0,0,0,0,0,0,,ENDPOINT_ADDED
pair-0d302a1fc9b6036320b2::ace::1,pair-0d302a1fc9b6036320b2,ENDPOINT_ADDED,get,/auto370,1,0,0,0,0,0,0,0,0,,ENDPOINT_ADDED
pair-0d302a1fc9b6036320b2::ace::2,pair-0d302a1fc9b6036320b2,ENDPOINT_ADDED,get,/auto939,1,0,0,0,0,0,0,0,0,,ENDPOINT_ADDED
pair-0df06b49d824f68160ac::ace::0,pair-0df06b49d824f68160ac,ENDPOINT_ADDED,get,/auto104,1,0,0,0,0,0,0,0,0,,ENDPOINT_ADDED
pair-0df06b49d824f68160ac::ace::1,pair-0df06b49d824f68160ac,ENDPOINT_ADDED,post,/auto343,1,0,0,1,0,0,0,0,0,,ENDPOINT_ADDED
pair-0df06b49d824f68160ac::ace::2,pair-0df06b49d824f68160ac,ENDPOINT_REMOVED,get,/jb2008,1,0,0,0,0,0,0,0,0,,ENDPOINT_REMOVED
pair-0faebba7c5cfb7d4c1cc::ace::0,pair-0faebba7c5cfb7d4c1cc,ENDPOINT_ADDED,get,/auto299,1,0,0,0,0,0,0,0,0,,ENDPOINT_ADDED
pair-0faebba7c5cfb7d4c1cc::ace::1,pair-0faebba7c5cfb7d4c1cc,ENDPOINT_ADDED,get,/auto403,1,0,0,0,0,0,0,0,0,,ENDPOINT_ADDED
pair-0faebba7c5cfb7d4c1cc::ace::2,pair-0faebba7c5cfb7d4c1cc,ENDPOINT_ADDED,get,/auto721,1,0,0,0,0,0,0,0,0,,ENDPOINT_ADDED
pair-0faebba7c5cfb7d4c1cc::ace::3,pair-0faebba7c5cfb7d4c1cc,ENDPOINT_REMOVED,get,/containers/usage,2,0,0,0,0,0,0,0,0,,ENDPOINT_REMOVED
pair-0fd2723b95eeecaac78e::ace::0,pair-0fd2723b95eeecaac78e,ENDPOINT_ADDED,get,/auto869,1,0,0,0,0,0,0,0,0,,ENDPOINT_ADDED
pair-0fd2723b95eeecaac78e::ace::1,pair-0fd2723b95eeecaac78e,ENDPOINT_ADDED,get,/auto968,1,0,0,1,0,0,0,0,0,,ENDPOINT_ADDED
pair-1053eead2c50abf268a8::ace::0,pair-1053eead2c50abf268a8,ENDPOINT_ADDED,post,/auto141,1,0,0,0,0,0,0,0,0,,ENDPOINT_ADDED
pair-1053eead2c50abf268a8::ace::1,pair-1053eead2c50abf268a8,ENDPOINT_ADDED,post,/auto367,1,0,0,0,0,0,0,0,0,,ENDPOINT_ADDED
pair-1053eead2c50abf268a8::ace::2,pair-1053eead2c50abf268a8,ENDPOINT_ADDED,get,/auto963,1,0,0,0,0,0,0,0,0,,ENDPOINT_ADDED
pair-1118397ff246ed309162::ace::0,pair-1118397ff246ed309162,ENDPOINT_ADDED,get,/auto155,1,0,0,0,0,0,0,0,0,,ENDPOINT_ADDED
pair-1118397ff246ed309162::ace::1,pair-1118397ff246ed309162,ENDPOINT_ADDED,get,/auto997,1,0,0,0,0,0,0,0,0,,ENDPOINT_ADDED
pair-11429e88d01c9ec65f79::ace::0,pair-11429e88d01c9ec65f79,ENDPOINT_ADDED,post,/auto155,1,0,0,1,0,0,0,0,0,,ENDPOINT_ADDED
pair-11429e88d01c9ec65f79::ace::1,pair-11429e88d01c9ec65f79,ENDPOINT_ADDED,post,/auto296,1,0,0,1,0,0,0,0,0,,ENDPOINT_ADDED
pair-11429e88d01c9ec65f79::ace::2,pair-11429e88d01c9ec65f79,ENDPOINT_REMOVED,get,/v3/Analyze,2,0,0,1,0,0,0,0,0,,ENDPOINT_REMOVED
pair-11429e88d01c9ec65f79::ace::3,pair-11429e88d01c9ec65f79,ENDPOINT_REMOVED,post,/v3/Analyze,2,0,0,1,0,0,0,0,0,,ENDPOINT_REMOVED
pair-12efa2508adb088a74b7::ace::0,pair-12efa2508adb088a74b7,ENDPOINT_ADDED,get,/auto386,1,0,0,1,0,0,0,0,0,,ENDPOINT_ADDED
pair-12efa2508adb088a74b7::ace::1,pair-12efa2508adb088a74b7,ENDPOINT_ADDED,get,/auto547,1,0,0,0,0,0,0,0,0,,ENDPOINT_ADDED
pair-12efa2508adb088a74b7::ace::2,pair-12efa2508adb088a74b7,ENDPOINT_REMOVED,get,/textOperations/{operationId},2,0,0,0,0,0,0,0,0,,ENDPOINT_REMOVED
pair-13036a7dac2f9ff741d7::ace::0,pair-13036a7dac2f9ff741d7,ENDPOINT_ADDED,post,/auto160,1,0,0,0,0,0,0,0,0,,ENDPOINT_ADDED
pair-13036a7dac2f9ff741d7::ace::1,pair-13036a7dac2f9ff741d7,ENDPOINT_ADDED,post,/auto315,1,0,0,0,0,0,0,0,0,,ENDPOINT_ADDED
pair-13b45bd603d147f7c8ca::ace::0,pair-13b45bd603d147f7c8ca,ENDPOINT_ADDED,post,/auto100,1,0,0,0,0,0,0,0,0,,ENDPOINT_ADDED
pair-13b45bd603d147f7c8ca::ace::1,pair-13b45bd603d147f7c8ca,ENDPOINT_ADDED,post,/auto194,1,0,0,0,0,0,0,0,0,,ENDPOINT_ADDED
pair-13f6a1a14eeb2208926d::ace::0,pair-13f6a1a14eeb2208926d,ENDPOINT_ADDED,get,/auto140,1,0,0,1,0,0,0,0,0,,ENDPOINT_ADDED
pair-13f6a1a14eeb2208926d::ace::1,pair-13f6a1a14eeb2208926d,ENDPOINT_ADDED,post,/auto385,1,0,0,0,0,0,0,0,0,,ENDPOINT_ADDED
pair-13f6a1a14eeb2208926d::ace::2,pair-13f6a1a14eeb2208926d,ENDPOINT_ADDED,get,/auto581,1,0,0,0,0,0,0,0,0,,ENDPOINT_ADDED
pair-13f6a1a14eeb2208926d::ace::3,pair-13f6a1a14eeb2208926d,ENDPOINT_REMOVED,post,/supplyDefenseDocument,1,0,0,0,0,0,0,0,0,,ENDPOINT_REMOVED
pair-16319f496c227b1f62cf::ace::0,pair-16319f496c227b1f62cf,ENDPOINT_ADDED,post,/auto132,1,0,0,0,0,0,0,0,0,,ENDPOINT_ADDED
pair-16319f496c227b1f62cf::ace::1,pair-16319f496c227b1f62cf,ENDPOINT_ADDED,get,/auto728,1,0,0,0,0,0,0,0,0,,ENDPOINT_ADDED
pair-16319f496c227b1f62cf::ace::2,pair-16319f496c227b1f62cf,ENDPOINT_REMOVED,get,/{pageName}{mediaTypeExtension},1,0,0,0,0,0,0,0,0,,ENDPOINT_REMOVED
pair-166681103eb1a6ab401b::ace::0,pair-166681103eb1a6ab401b,ENDPOINT_ADDED,get,/auto910,1,0,0,1,0,0,0,0,0,,ENDPOINT_ADDED
pair-16e8676931964a4662ee::ace::0,pair-16e8676931964a4662ee,ENDPOINT_ADDED,get,/auto275,1,0,0,0,0,0,0,0,0,,ENDPOINT_ADDED
pair-16e8676931964a4662ee::ace::1,pair-16e8676931964a4662ee,ENDPOINT_ADDED,get,/auto634,1,0,0,0,0,0,0,0,0,,ENDPOINT_ADDED
pair-16e8676931964a4662ee::ace::2,pair-16e8676931964a4662ee,PARAM_REQUIRED_ADDED,get,/transactions,1,0,0,0,0,0,15,0,0,balancePlatform,PARAM_REQUIRED_ADDED
pair-170288831d1844ce472e::ace::0,pair-170288831d1844ce472e,ENDPOINT_ADDED,get,/auto970,1,0,0,0,0,0,0,0,0,,ENDPOINT_ADDED
pair-170288831d1844ce472e::ace::1,pair-170288831d1844ce472e,PARAM_ADDED,get,/v7.0/localbusinesses/search,3,0,0,0,0,0,11,0,0,synth-param,PARAM_ADDED
pair-1892c8b7f1b31f668133::ace::0,pair-1892c8b7f1b31f668133,ENDPOINT_REMOVED,post,/authorise3d,1,0,0,1,0,0,0,0,0,,ENDPOINT_REMOVED
pair-1892c8b7f1b31f668133::ace::1,pair-1892c8b7f1b31f668133,ENDPOINT_ADDED,post,/auto219,1,0,0,1,0,0,0,0,0,,ENDPOINT_ADDED
pair-1892c8b7f1b31f668133::ace::2,pair-1892c8b7f1b31f668133,ENDPOINT_ADDED,get,/auto887,1,0,0,1,0,0,0,0,0,,ENDPOINT_ADDED
pair-189c8073d593bd461e3d::ace::0,pair-189c8073d593bd461e3d,ENDPOINT_ADDED,get,/application-test/new,2,0,0,0,0,0,21,0,0,/application-test/new,ENDPOINT_ADDED
pair-1b026d2fc7e84ad6a7c3::ace::0,pair-1b026d2fc7e84ad6a7c3,ENDPOINT_ADDED,get,/auto133,1,0,0,0,0,0,0,0,0,,ENDPOINT_ADDED
pair-1b026d2fc7e84ad6a7c3::ace::1,pair-1b026d2fc7e84ad6a7c3,ENDPOINT_ADDED,get,/auto984,1,0,0,0,0,0,0,0,0,,ENDPOINT_ADDED
pair-1b326a00f95a75ffb045::ace::0,pair-1b326a00f95a75ffb045,ENDPOINT_ADDED,get,/auto509,1,0,0,0,0,0,0,0,0,,ENDPOINT_ADDED
pair-1bccfef1904e40aa007b::ace::0,pair-1bccfef1904e40aa007b,ENDPOINT_ADDED,get,/auto196,1,0,0,0,0,0,0,0,0,,ENDPOINT_ADDED
pair-1bccfef1904e40aa007b::ace::1,pair-1bccfef1904e40aa007b,ENDPOINT_ADDED,post,/auto383,1,0,0,1,0,0,0,0,0,,ENDPOINT_ADDED
pair-1bccfef1904e40aa007b::ace::2,pair-1bccfef1904e40aa007b,ENDPOINT_ADDED,get,/auto780,1,0,0,0,0,0,0,0,0,,ENDPOINT_ADDED
pair-1c8f99b7615d9da947a8::ace::0,pair-1c8f99b7615d9da947a8,ENDPOINT_ADDED,get,/auto403,1,0,0,0,0,0,0,0,0,,ENDPOINT_ADDED
pair-1c8f99b7615d9da947a8::ace::1,pair-1c8f99b7615d9da947a8,ENDPOINT_ADDED,get,/auto492,1,0,0,0,0,0,0,0,0,,ENDPOINT_ADDED
pair-1c8f99b7615d9da947a8::ace::2,pair-1c8f99b7615d9da947a8,ENDPOINT_ADDED,get,/auto904,1,0,0,0,0,0,0,0,0,,ENDPOINT_ADDED
pair-1d6002d50be7ef4ad7e2::ace::0,pair-1d6002d50be7ef4ad7e2,RECIPE_ADDED,,,0,0,0,0,0,0,6,1,0,Added4,RECIPE_ADDED
pair-1ec18c9b2db7f8c2d37c::ace::0,pair-1ec18c9b2db7f8c2d37c,ENDPOINT_ADDED,get,/auto984,1,0,0,1,0,0,0,0,0,,ENDPOINT_ADDED
pair-1efbf5642a11ce718309::ace::0,pair-1efbf5642a11ce718309,ENDPOINT_ADDED,post,/auto238,1,0,0,0,0,0,0,0,0,,ENDPOINT_ADDED
pair-1efbf5642a11ce718309::ace::1,pair-1efbf5642a11ce718309,ENDPOINT_ADDED,get,/auto612,1,0,0,0,0,0,0,0,0,,ENDPOINT_ADDED
pair-1efbf5642a11ce718309::ace::2,pair-1efbf5642a11ce718309,ENDPOINT_ADDED,get,/auto811,1,0,0,0,0,0,0,0,0,,ENDPOINT_ADDED
pair-1f483f327ea0c529e988::ace::0,pair-1f483f327ea0c529e988,ENDPOINT_ADDED,get,/auto633,1,0,0,0,0,0,0,0,0,,ENDPOINT_ADDED
pair-1f483f327ea0c529e988::ace::1,pair-1f483f327ea0c529e988,ENDPOINT_ADDED,get,/auto956,1,0,0,0,0,0,0,0,0,,ENDPOINT_ADDED
pair-2013c6a0ccfb3c6e7f17::ace::0,pair-2013c6a0ccfb3c6e7f17,ENDPOINT_ADDED,get,/auto401,1,0,0,0,0,0,0,0,0,,ENDPOINT_ADDED
pair-2013c6a0ccfb3c6e7f17::ace::1,pair-2013c6a0ccfb3c6e7f17,ENDPOINT_ADDED,get,/auto992,1,0,0,1,0,0,0,0,0,,ENDPOINT_ADDED
pair-209f84853577531619ef::ace::0,pair-209f84853577531619ef,ENDPOINT_ADDED,post,/auto575,1,0,0,1,0,0,0,0,0,,ENDPOINT_ADDED
pair-209f84853577531619ef::ace::1,pair-209f84853577531619ef,ENDPOINT_REMOVED,get,/data/divisions.{format}/searchTotalResults,3,0,0,0,0,0,0,0,0,,ENDPOINT_REMOVED
pair-20b4647603d45b957106::ace::0,pair-20b4647603d45b957106,ENDPOINT_ADDED,get,/auto537,1,0,0,0,0,0,0,0,0,,ENDPOINT_ADDED
pair-20b4647603d45b957106::ace::1,pair-20b4647603d45b957106,PARAM_ADDED,get,/my/orders/selling/{*}/refund_requests,5,0,0,0,0,0,11,0,0,synth-param,PARAM_ADDED
pair-20ee41748e40c26be798::ace::0,pair-20ee41748e40c26be798,ENDPOINT_ADDED,post,/auto299,1,0,0,0,0,0,0,0,0,,ENDPOINT_ADDED
pair-20ee41748e40c26be798::ace::1,pair-20ee41748e40c26be798,ENDPOINT_ADDED,get,/auto303,1,0,0,0,0,0,0,0,0,,ENDPOINT_ADDED
pair-20ee41748e40c26be798::ace::2,pair-20ee41748e40c26be798,ENDPOINT_REMOVED,get,/data/Divisions/search,3,0,0,0,0,0,0,0,0,,ENDPOINT_REMOVED
pair-2191e8b8847ca6d3f219::ace::0,pair-2191e8b8847ca6d3f219,ENDPOINT_ADDED,post,/auto970,1,0,0,0,0,0,0,0,0,,ENDPOINT_ADDED
pair-2191e8b8847ca6d3f219::ace::1,pair-2191e8b8847ca6d3f219,ENDPOINT_REMOVED,get,/v7.0/localbusinesses/search,3,0,0,1,0,0,0,0,0,,ENDPOINT_REMOVED
pair-21d13a0906344e169afe::ace::0,pair-21d13a0906344e169afe,ENDPOINT_ADDED,get,/auto344,1,0,0,0,0,0,0,0,0,,ENDPOINT_ADDED
pair-21d13a0906344e169afe::ace::1,pair-21d13a0906344e169afe,ENDPOINT_ADDED,get,/auto495,1,0,0,0,0,0,0,0,0,,ENDPOINT_ADDED
pair-21d13a0906344e169afe::ace::2,pair-21d13a0906344e169afe,ENDPOINT_ADDED,get,/auto616,1,0,0,0,0,0,0,0,0,,ENDPOINT_ADDED
pair-229d1b95e4bc6ea0c4da::ace::1,pair-229d1b95e4bc6ea0c4da,PARAM_REQUIRED_ADDED,get,/api/v1/tax/location/calculate,5,0,0,0,0,0,20,0,0,billing_country_code,PARAM_REQUIRED_ADDED
pair-229d1b95e4bc6ea0c4da::ace::2,pair-229d1b95e4bc6ea0c4da,ENDPOINT_ADDED,get,/auto674,1,0,0,0,0,0,0,0,0,,ENDPOINT_ADDED
pair-229d1b95e4bc6ea0c4da::ace::3,pair-229d1b95e4bc6ea0c4da,ENDPOINT_ADDED,get,/auto700,1,0,0,0,0,0,0,0,0,,ENDPOINT_ADDED
pair-22ef0928f09106ec15f3::ace::0,pair-22ef0928f09106ec15f3,ENDPOINT_ADDED,get,/auto809,1,0,0,0,0,0,0,0,0,,ENDPOINT_ADDED
pair-22ef0928f09106ec15f3::ace::1,pair-22ef0928f09106ec15f3,ENDPOINT_REMOVED,post,/getCostEstimate,1,0,0,0,0,0,0,0,0,,ENDPOINT_REMOVED
pair-25b48164e5f74a7facd1::ace::0,pair-25b48164e5f74a7facd1,ENDPOINT_ADDED,get,/auto347,1,0,0,0,0,0,0,0,0,,ENDPOINT_ADDED
pair-25b48164e5f74a7facd1::ace::1,pair-25b48164e5f74a7facd1,ENDPOINT_ADDED,get,/auto648,1,0,0,0,0,0,0,0,0,,ENDPOINT_ADDED
pair-25b48164e5f74a7facd1::ace::2,pair-25b48164e5f74a7facd1,ENDPOINT_ADDED,get,/auto732,1,0,0,0,0,0,0,0,0,,ENDPOINT_ADDED
pair-25b48164e5f74a7facd1::ace::3,pair-25b48164e5f74a7facd1,PARAM_REQUIRED_ADDED,get,/v1/subscriptions,2,0,0,0,0,0,12,0,0,X-Shopper-Id,PARAM_REQUIRED_ADDED
pair-25b48164e5f74a7facd1::ace::4,pair-25b48164e5f74a7facd1,ENDPOINT_REMOVED,get,/v1/subscriptions/productGroups,3,0,0,0,0,0,0,0,0,,ENDPOINT_REMOVED
pair-25b48164e5f74a7facd1::ace::5,pair-25b48164e5f74a7facd1,PARAM_REQUIRED_ADDED,delete,/v1/subscriptions/{subscriptionId},3,0,0,0,0,0,12,0,0,X-Shopper-Id,PARAM_REQUIRED_ADDED
pair-25eb77016486cc8555f4::ace::0,pair-25eb77016486cc8555f4,ENDPOINT_ADDED,get,/auto349,1,0,0,1,0,0,0,0,0,,ENDPOINT_ADDED
pair-25eb77016486cc8555f4::ace::1,pair-25eb77016486cc8555f4,ENDPOINT_ADDED,post,/auto618,1,0,0,0,0,0,0,0,0,,ENDPOINT_ADDED
pair-26741938924a23456516::ace::0,pair-26741938924a23456516,ENDPOINT_ADDED,get,/auto269,1,0,0,0,0,0,0,0,0,,ENDPOINT_ADDED
pair-268ff77501c55f64d447::ace::0,pair-268ff77501c55f64d447,ENDPOINT_ADDED,get,/auto406,1,0,0,0,0,0,0,0,0,,ENDPOINT_ADDED
pair-27bee2e0e03f47461c93::ace::0,pair-27bee2e0e03f47461c93,ENDPOINT_ADDED,get,/auto575,1,0,0,0,0,0,0,0,0,,ENDPOINT_ADDED
pair-2b96eb5dbf00d54fd683::ace::0,pair-2b96eb5dbf00d54fd683,ENDPOINT_ADDED,get,/auto239,1,0,0,0,0,0,0,0,0,,ENDPOINT_ADDED
pair-2b96eb5dbf00d54fd683::ace::1,pair-2b96eb5dbf00d54fd683,ENDPOINT_ADDED,get,/auto629,1,0,0,0,0,0,0,0,0,,ENDPOINT_ADDED
pair-2b96eb5dbf00d54fd683::ace::2,pair-2b96eb5dbf00d54fd683,ENDPOINT_ADDED,get,/auto831,1,0,0,0,0,0,0,0,0,,ENDPOINT_ADDED
pair-2b96eb5dbf00d54fd683::ace::3,pair-2b96eb5dbf00d54fd683,ENDPOINT_REMOVED,get,/export/xls/registrierkassen/{registrierkasseUuid}/belege,5,0,0,0,0,0,0,0,0,,ENDPOINT_REMOVED
pair-2c0f3c62564ee812dd52::ace::0,pair-2c0f3c62564ee812dd52,ENDPOINT_ADDED,get,/auto343,1,0,0,0,0,0,0,0,0,,ENDPOINT_ADDED
pair-2c0f3c62564ee812dd52::ace::1,pair-2c0f3c62564ee812dd52,ENDPOINT_ADDED,get,/auto838,1,0,0,0,0,0,0,0,0,,ENDPOINT_ADDED
pair-2c28ccf0939939552b7a::ace::0,pair-2c28ccf0939939552b7a,RECIPE_ADDED,,,0,0,0,0,0,0,6,1,0,Added3,RECIPE_ADDED
pair-2c309b3cfff272c30da5::ace::0,pair-2c309b3cfff272c30da5,ENDPOINT_ADDED,get,/auto760,1,0,0,0,0,0,0,0,0,,ENDPOINT_ADDED
pair-2c309b3cfff272c30da5::ace::1,pair-2c309b3cfff272c30da5,ENDPOINT_ADDED,get,/auto927,1,0,0,0,0,0,0,0,0,,ENDPOINT_ADDED
pair-2d47fcbb848f92f0cb44::ace::0,pair-2d47fcbb848f92f0cb44,RECIPE_ADDED,,,0,0,0,0,0,0,6,1,0,Added6,RECIPE_ADDED
pair-306065a85892cfbb0ec9::ace::0,pair-306065a85892cfbb0ec9,ENDPOINT_ADDED,post,/auto378,1,0,0,1,0,0,0,0,0,,ENDPOINT_ADDED
pair-306065a85892cfbb0ec9::ace::1,pair-306065a85892cfbb0ec9,ENDPOINT_ADDED,post,/auto846,1,0,0,0,0,0,0,0,0,,ENDPOINT_ADDED
pair-320f0b018aebf11d0f89::ace::0,pair-320f0b018aebf11d0f89,ENDPOINT_ADDED,get,/auto207,1,0,0,0,0,0,0,0,0,,ENDPOINT_ADDED
pair-320f0b018aebf11d0f89::ace::1,pair-320f0b018aebf11d0f89,ENDPOINT_ADDED,get,/auto292,1,0,0,0,0,0,0,0,0,,ENDPOINT_ADDED
pair-320f0b018aebf11d0f89::ace::2,pair-320f0b018aebf11d0f89,ENDPOINT_ADDED,get,/auto811,1,0,0,0,0,0,0,0,0,,ENDPOINT_ADDED
pair-33c16fcc666b2600ff04::ace::0,pair-33c16fcc666b2600ff04,ENDPOINT_ADDED,post,/auto709,1,0,0,0,0,0,0,0,0,,ENDPOINT_ADDED
pair-34108f6ee7f9f46d6d1d::ace::0,pair-34108f6ee7f9f46d6d1d,ENDPOINT_ADDED,get,/auto793,1,0,0,0,0,0,0,0,0,,ENDPOINT_ADDED
pair-35f009bd5a6ed1a1d88b::ace::0,pair-35f009bd5a6ed1a1d88b,ENDPOINT_ADDED,get,/auto102,1,0,0,0,0,0,0,0,0,,ENDPOINT_ADDED
pair-35f009bd5a6ed1a1d88b::ace::1,pair-35f009bd5a6ed1a1d88b,ENDPOINT_ADDED,get,/auto431,1,0,0,0,0,0,0,0,0,,ENDPOINT_ADDED
pair-35f009bd5a6ed1a1d88b::ace::2,pair-35f009bd5a6ed1a1d88b,PARAM_REQUIRED_ADDED,get,/v2/incidents,2,0,0,0,0,0,4,0,0,page,PARAM_REQUIRED_ADDED
pair-35f009bd5a6ed1a1d88b::ace::4,pair-35f009bd5a6ed1a1d88b,PARAM_REQUIRED_ADDED,get,/v2/locations,2,0,0,0,0,0,15,0,0,occurred_before,PARAM_REQUIRED_ADDED
pair-3632bd00112cd3764d6a::ace::0,pair-3632bd00112cd3764d6a,ENDPOINT_ADDED,post,/auto881,1,0,0,0,0,0,0,0,0,,ENDPOINT_ADDED
pair-37489fc649bf44e80968::ace::0,pair-37489fc649bf44e80968,ENDPOINT_ADDED,get,/auto456,1,0,0,0,0,0,0,0,0,,ENDPOINT_ADDED
pair-38e1dc419ee0b4430b67::ace::0,pair-38e1dc419ee0b4430b67,ENDPOINT_ADDED,get,/auto148,1,0,0,0,0,0,0,0,0,,ENDPOINT_ADDED
pair-38e1dc419ee0b4430b67::ace::1,pair-38e1dc419ee0b4430b67,ENDPOINT_ADDED,get,/auto618,1,0,0,0,0,0,0,0,0,,ENDPOINT_ADDED
pair-38e1dc419ee0b4430b67::ace::2,pair-38e1dc419ee0b4430b67,ENDPOINT_REMOVED,get,/entities,1,0,0,0,0,0,0,0,0,,ENDPOINT_REMOVED
pair-3a20a998ec21e9e1a559::ace::0,pair-3a20a998ec21e9e1a559,ENDPOINT_ADDED,get,/auto213,1,0,0,0,0,0,0,0,0,,ENDPOINT_ADDED
pair-3a20a998ec21e9e1a559::ace::1,pair-3a20a998ec21e9e1a559,ENDPOINT_ADDED,post,/auto396,1,0,0,0,0,0,0,0,0,,ENDPOINT_ADDED
pair-3a20a998ec21e9e1a559::ace::2,pair-3a20a998ec21e9e1a559,ENDPOINT_ADDED,post,/auto921,1,0,0,1,0,0,0,0,0,,ENDPOINT_ADDED
pair-3bf2380c5b9b7be96b79::ace::0,pair-3bf2380c5b9b7be96b79,ENDPOINT_ADDED,post,/auto689,1,0,0,0,0,0,0,0,0,,ENDPOINT_ADDED
pair-3bf2380c5b9b7be96b79::ace::1,pair-3bf2380c5b9b7be96b79,ENDPOINT_ADDED,get,/auto979,1,0,0,1,0,0,0,0,0,,ENDPOINT_ADDED
pair-3c51db27d732b4e2c57d::ace::0,pair-3c51db27d732b4e2c57d,ENDPOINT_REMOVED,get,/account,1,0,0,0,0,0,0,0,0,,ENDPOINT_REMOVED
pair-3c51db27d732b4e2c57d::ace::1,pair-3c51db27d732b4e2c57d,ENDPOINT_ADDED,get,/auto521,1,0,0,0,0,0,0,0,0,,ENDPOINT_ADDED
pair-3c51db27d732b4e2c57d::ace::2,pair-3c51db27d732b4e2c57d,ENDPOINT_ADDED,post,/auto633,1,0,0,1,0,0,0,0,0,,ENDPOINT_ADDED
pair-3c7381b2387b0207d010::ace::0,pair-3c7381b2387b0207d010,ENDPOINT_ADDED,get,/auto225,1,0,0,1,0,0,0,0,0,,ENDPOINT_ADDED
pair-3c7381b2387b0207d010::ace::1,pair-3c7381b2387b0207d010,ENDPOINT_ADDED,post,/auto489,1,0,0,0,0,0,0,0,0,,ENDPOINT_ADDED
pair-3c7381b2387b0207d010::ace::2,pair-3c7381b2387b0207d010,ENDPOINT_ADDED,get,/auto831,1,0,0,0,0,0,0,0,0,,ENDPOINT_ADDED
pair-3c7381b2387b0207d010::ace::3,pair-3c7381b2387b0207d010,ENDPOINT_REMOVED,get,/export/xls/registrierkassen/{registrierkasseUuid}/belege,5,0,0,0,0,0,0,0,0,,ENDPOINT_REMOVED
pair-3e263536c9fe49de934e::ace::0,pair-3e263536c9fe49de934e,ENDPOINT_REMOVED,get,/Suggestions,1,0,0,1,0,0,0,0,0,,ENDPOINT_REMOVED
pair-3e263536c9fe49de934e::ace::1,pair-3e263536c9fe49de934e,ENDPOINT_ADDED,get,/auto164,1,0,0,0,0,0,0,0,0,,ENDPOINT_ADDED
pair-3e263536c9fe49de934e::ace::2,pair-3e263536c9fe49de934e,ENDPOINT_ADDED,get,/auto591,1,0,0,0,0,0,0,0,0,,ENDPOINT_ADDED
pair-3e263536c9fe49de934e::ace::3,pair-3e263536c9fe49de934e,ENDPOINT_ADDED,get,/auto938,1,0,0,0,0,0,0,0,0,,ENDPOINT_ADDED
pair-3e3d387849b6d114866a::ace::0,pair-3e3d387849b6d114866a,ENDPOINT_ADDED,post,/auto129,1,0,0,1,0,0,0,0,0,,ENDPOINT_ADDED
pair-3e3d387849b6d114866a::ace::1,pair-3e3d387849b6d114866a,ENDPOINT_ADDED,get,/auto736,1,0,0,0,0,0,0,0,0,,ENDPOINT_ADDED
pair-3e3d387849b6d114866a::ace::2,pair-3e3d387849b6d114866a,ENDPOINT_REMOVED,post,/listRecurringDetails,1,0,0,0,0,0,0,0,0,,ENDPOINT_REMOVED
pair-3f39af8345b58088f52b::ace::0,pair-3f39af8345b58088f52b,ENDPOINT_ADDED,post,/auto443,1,0,0,0,0,0,0,0,0,,ENDPOINT_ADDED
pair-3f39af8345b58088f52b::ace::1,pair-3f39af8345b58088f52b,ENDPOINT_REMOVED,delete,/organizations/{organizationUuid}/products/{productUuid},4,0,0,1,0,0,0,0,0,,ENDPOINT_REMOVED
pair-3f39af8345b58088f52b::ace::2,pair-3f39af8345b58088f52b,ENDPOINT_REMOVED,get,/organizations/{organizationUuid}/products/{productUuid},4,0,0,0,0,0,0,0,0,,ENDPOINT_REMOVED
pair-40b1cf35a80552dc307e::ace::0,pair-40b1cf35a80552dc307e,RECIPE_ADDED,,,0,0,0,0,0,0,6,1,0,Added1,RECIPE_ADDED
pair-40caf6b07ed3a7debe4d::ace::0,pair-40caf6b07ed3a7debe4d,ENDPOINT_ADDED,get,/auto141,1,0,0,1,0,0,0,0,0,,ENDPOINT_ADDED
pair-40caf6b07ed3a7debe4d::ace::1,pair-40caf6b07ed3a7debe4d,ENDPOINT_ADDED,post,/auto186,1,0,0,0,0,0,0,0,0,,ENDPOINT_ADDED
pair-40caf6b07ed3a7debe4d::ace::2,pair-40caf6b07ed3a7debe4d,ENDPOINT_ADDED,post,/auto297,1,0,0,0,0,0,0,0,0,,ENDPOINT_ADDED
pair-4276f77857f74a3d2a8d::ace::0,pair-4276f77857f74a3d2a8d,ENDPOINT_ADDED,post,/auto475,1,0,0,0,0,0,0,0,0,,ENDPOINT_ADDED
pair-4276f77857f74a3d2a8d::ace::1,pair-4276f77857f74a3d2a8d,ENDPOINT_ADDED,post,/auto662,1,0,0,0,0,0,0,0,0,,ENDPOINT_ADDED
pair-4276f77857f74a3d2a8d::ace::2,pair-4276f77857f74a3d2a8d,ENDPOINT_ADDED,get,/auto829,1,0,0,1,0,0,0,0,0,,ENDPOINT_ADDED
pair-4276f77857f74a3d2a8d::ace::3,pair-4276f77857f74a3d2a8d,ENDPOINT_REMOVED,post,/spellcheck,1,0,0,0,0,0,0,0,0,,ENDPOINT_REMOVED
pair-42ed824fa523e4776c88::ace::0,pair-42ed824fa523e4776c88,ENDPOINT_ADDED,get,/auto219,1,0,0,0,0,0,0,0,0,,ENDPOINT_ADDED
pair-42ed824fa523e4776c88::ace::1,pair-42ed824fa523e4776c88,ENDPOINT_ADDED,get,/auto347,1,0,0,0,0,0,0,0,0,,ENDPOINT_ADDED
pair-42ed824fa523e4776c88::ace::2,pair-42ed824fa523e4776c88,ENDPOINT_ADDED,get,/auto577,1,0,0,0,0,0,0,0,0,,ENDPOINT_ADDED
pair-43f65e21e611a85deba5::ace::0,pair-43f65e21e611a85deba5,ENDPOINT_ADDED,post,/auto252,1,0,0,0,0,0,0,0,0,,ENDPOINT_ADDED
pair-43f65e21e611a85deba5::ace::1,pair-43f65e21e611a85deba5,ENDPOINT_ADDED,post,/auto700,1,0,0,1,0,0,0,0,0,,ENDPOINT_ADDED
pair-43f65e21e611a85deba5::ace::2,pair-43f65e21e611a85deba5,ENDPOINT_ADDED,post,/auto940,1,0,0,0,0,0,0,0,0,,ENDPOINT_ADDED
pair-4604789dbf0890e4e2f0::ace::0,pair-4604789dbf0890e4e2f0,ENDPOINT_ADDED,post,/auto395,1,0,0,1,0,0,0,0,0,,ENDPOINT_ADDED
pair-4604789dbf0890e4e2f0::ace::1,pair-4604789dbf0890e4e2f0,ENDPOINT_ADDED,get,/auto513,1,0,0,1,0,0,0,0,0,,ENDPOINT_ADDED
pair-4604789dbf0890e4e2f0::ace::2,pair-4604789dbf0890e4e2f0,ENDPOINT_REMOVED,get,/v2/apiusage,2,0,0,0,0,0,0,0,0,,ENDPOINT_REMOVED
pair-4621e45e8f79cf7746cf::ace::0,pair-4621e45e8f79cf7746cf,ENDPOINT_ADDED,post,/auto858,1,0,0,1,0,0,0,0,0,,ENDPOINT_ADDED
pair-4621e45e8f79cf7746cf::ace::1,pair-4621e45e8f79cf7746cf,ENDPOINT_ADDED,post,/auto915,1,0,0,1,0,0,0,0,0,,ENDPOINT_ADDED
pair-47f6819e2c53382104c2::ace::0,pair-47f6819e2c53382104c2,ENDPOINT_ADDED,post,/auto728,1,0,0,0,0,0,0,0,0,,ENDPOINT_ADDED
pair-48366478b8c6eb6fa65c::ace::0,pair-48366478b8c6eb6fa65c,ENDPOINT_ADDED,get,/auto514,1,0,0,0,0,0,0,0,0,,ENDPOINT_ADDED
pair-48366478b8c6eb6fa65c::ace::1,pair-48366478b8c6eb6fa65c,ENDPOINT_ADDED,get,/auto599,1,0,0,1,0,0,0,0,0,,ENDPOINT_ADDED
pair-48366478b8c6eb6fa65c::ace::2,pair-48366478b8c6eb6fa65c,ENDPOINT_ADDED,get,/auto928,1,0,0,0,0,0,0,0,0,,ENDPOINT_ADDED
pair-48b1390d368c37e71c2d::ace::0,pair-48b1390d368c37e71c2d,ENDPOINT_ADDED,get,/auto537,1,0,0,0,0,0,0,0,0,,ENDPOINT_ADDED
pair-48b1390d368c37e71c2d::ace::1,pair-48b1390d368c37e71c2d,ENDPOINT_ADDED,get,/auto789,1,0,0,0,0,0,0,0,0,,ENDPOINT_ADDED
pair-48b1390d368c37e71c2d::ace::2,pair-48b1390d368c37e71c2d,ENDPOINT_ADDED,get,/auto831,1,0,0,0,0,0,0,0,0,,ENDPOINT_ADDED
pair-48b1390d368c37e71c2d::ace::3,pair-48b1390d368c37e71c2d,ENDPOINT_REMOVED,get,/location/analytics/category-rated-areas,3,0,0,0,0,0,0,0,0,,ENDPOINT_REMOVED
pair-48b1390d368c37e71c2d::ace::4,pair-48b1390d368c37e71c2d,ENDPOINT_REMOVED,parameters,/location/analytics/category-rated-areas,3,0,0,0,0,0,0,0,0,,ENDPOINT_REMOVED
pair-4a69c09f4f14f8e1c2bf::ace::1,pair-4a69c09f4f14f8e1c2bf,ENDPOINT_ADDED,get,/auto229,1,0,0,0,0,0,0,0,0,,ENDPOINT_ADDED
pair-4a69c09f4f14f8e1c2bf::ace::2,pair-4a69c09f4f14f8e1c2bf,ENDPOINT_REMOVED,get,/mileageprices/{number},2,0,0,0,0,0,0,0,0,,ENDPOINT_REMOVED
pair-4aac9f695a135fc2c1f9::ace::0,pair-4aac9f695a135fc2c1f9,ENDPOINT_ADDED,get,/auto602,1,0,0,0,0,0,0,0,0,,ENDPOINT_ADDED
pair-4ba5c1285aba30ef1e2f::ace::0,pair-4ba5c1285aba30ef1e2f,ENDPOINT_ADDED,get,/auto105,1,0,0,0,0,0,0,0,0,,ENDPOINT_ADDED
pair-4ba5c1285aba30ef1e2f::ace::1,pair-4ba5c1285aba30ef1e2f,ENDPOINT_ADDED,get,/auto391,1,0,0,0,0,0,0,0,0,,ENDPOINT_ADDED
pair-4e60011efcfae0f5afd9::ace::0,pair-4e60011efcfae0f5afd9,ENDPOINT_ADDED,get,/auto269,1,0,0,0,0,0,0,0,0,,ENDPOINT_ADDED
pair-4e75ba74d2eeb90c8033::ace::0,pair-4e75ba74d2eeb90c8033,ENDPOINT_ADDED,post,/auto364,1,0,0,0,0,0,0,0,0,,ENDPOINT_ADDED
pair-4e75ba74d2eeb90c8033::ace::1,pair-4e75ba74d2eeb90c8033,ENDPOINT_ADDED,post,/auto664,1,0,0,0,0,0,0,0,0,,ENDPOINT_ADDED
pair-4e75ba74d2eeb90c8033::ace::2,pair-4e75ba74d2eeb90c8033,ENDPOINT_ADDED,get,/auto791,1,0,0,0,0,0,0,0,0,,ENDPOINT_ADDED
pair-505d964553005a3c5bd9::ace::0,pair-505d964553005a3c5bd9,ENDPOINT_ADDED,post,/auto901,1,0,0,0,0,0,0,0,0,,ENDPOINT_ADDED
pair-505d964553005a3c5bd9::ace::1,pair-505d964553005a3c5bd9,ENDPOINT_REMOVED,get,/v1/agreements,2,0,0,0,0,0,0,0,0,,ENDPOINT_REMOVED
pair-50db13e823bb5ae82277::ace::0,pair-50db13e823bb5ae82277,ENDPOINT_ADDED,get,/auto985,1,0,0,0,0,0,0,0,0,,ENDPOINT_ADDED
pair-50eba5e3aa31465cb504::ace::1,pair-50eba5e3aa31465cb504,ENDPOINT_ADDED,get,/auto488,1,0,0,0,0,0,0,0,0,,ENDPOINT_ADDED
pair-528f6d9704ba59ad4120::ace::0,pair-528f6d9704ba59ad4120,ENDPOINT_ADDED,get,/auto155,1,0,0,0,0,0,0,0,0,,ENDPOINT_ADDED
pair-528f6d9704ba59ad4120::ace::1,pair-528f6d9704ba59ad4120,ENDPOINT_ADDED,get,/auto945,1,0,0,0,0,0,0,0,0,,ENDPOINT_ADDED
pair-549a3a98c0e65d0beb40::ace::0,pair-549a3a98c0e65d0beb40,ENDPOINT_ADDED,get,/auto267,1,0,0,0,0,0,0,0,0,,ENDPOINT_ADDED
pair-549a3a98c0e65d0beb40::ace::1,pair-549a3a98c0e65d0beb40,ENDPOINT_ADDED,get,/auto718,1,0,0,0,0,0,0,0,0,,ENDPOINT_ADDED
pair-554bbaa34e5848e5605b::ace::0,pair-554bbaa34e5848e5605b,ENDPOINT_ADDED,get,/auto106,1,0,0,1,0,0,0,0,0,,ENDPOINT_ADDED
pair-554bbaa34e5848e5605b::ace::1,pair-554bbaa34e5848e5605b,ENDPOINT_ADDED,post,/auto344,1,0,0,0,0,0,0,0,0,,ENDPOINT_ADDED
pair-554bbaa34e5848e5605b::ace::2,pair-554bbaa34e5848e5605b,ENDPOINT_ADDED,get,/auto495,1,0,0,0,0,0,0,0,0,,ENDPOINT_ADDED
pair-55abc5353000e41426be::ace::0,pair-55abc5353000e41426be,ENDPOINT_ADDED,get,/auto675,1,0,0,0,0,0,0,0,0,,ENDPOINT_ADDED
pair-55abc5353000e41426be::ace::2,pair-55abc5353000e41426be,PARAM_REQUIRED_ADDED,get,/v1/restrooms/by_date,3,0,0,0,0,0,4,0,0,page,PARAM_REQUIRED_ADDED
pair-55abc5353000e41426be::ace::3,pair-55abc5353000e41426be,PARAM_REQUIRED_ADDED,get,/v1/restrooms/search,3,0,0,0,0,0,4,0,0,page,PARAM_REQUIRED_ADDED
pair-55dae650768dab907690::ace::0,pair-55dae650768dab907690,ENDPOINT_ADDED,get,/auto160,1,0,0,0,0,0,0,0,0,,ENDPOINT_ADDED
pair-55dae650768dab907690::ace::1,pair-55dae650768dab907690,ENDPOINT_ADDED,get,/auto293,1,0,0,0,0,0,0,0,0,,ENDPOINT_ADDED
pair-57d82d450ede3dd57339::ace::0,pair-57d82d450ede3dd57339,ENDPOINT_ADDED,get,/auto104,1,0,0,0,0,0,0,0,0,,ENDPOINT_ADDED
pair-57d82d450ede3dd57339::ace::1,pair-57d82d450ede3dd57339,ENDPOINT_REMOVED,post,/unpack,1,0,0,0,0,0,0,0,0,,ENDPOINT_REMOVED
pair-5835666694e28a4816a2::ace::2,pair-5835666694e28a4816a2,ENDPOINT_ADDED,get,/auto156,1,0,0,0,0,0,0,0,0,,ENDPOINT_ADDED
pair-5835666694e28a4816a2::ace::3,pair-5835666694e28a4816a2,ENDPOINT_ADDED,get,/auto392,1,0,0,0,0,0,0,0,0,,ENDPOINT_ADDED
pair-5c3303364bc6c364e18d::ace::0,pair-5c3303364bc6c364e18d,ENDPOINT_ADDED,get,/auto351,1,0,0,0,0,0,0,0,0,,ENDPOINT_ADDED
pair-5c3303364bc6c364e18d::ace::1,pair-5c3303364bc6c364e18d,ENDPOINT_ADDED,post,/auto398,1,0,0,1,0,0,0,0,0,,ENDPOINT_ADDED
pair-5c3303364bc6c364e18d::ace::2,pair-5c3303364bc6c364e18d,ENDPOINT_ADDED,get,/auto570,1,0,0,1,0,0,0,0,0,,ENDPOINT_ADDED
pair-5c646f7c9d1d8c4a18e9::ace::0,pair-5c646f7c9d1d8c4a18e9,ENDPOINT_ADDED,get,/auto395,1,0,0,0,0,0,0,0,0,,ENDPOINT_ADDED
pair-5db123faec6b2392ce00::ace::0,pair-5db123faec6b2392ce00,ENDPOINT_ADDED,get,/auto274,1,0,0,0,0,0,0,0,0,,ENDPOINT_ADDED
pair-5db123faec6b2392ce00::ace::1,pair-5db123faec6b2392ce00,ENDPOINT_ADDED,get,/auto500,1,0,0,0,0,0,0,0,0,,ENDPOINT_ADDED
pair-5db123faec6b2392ce00::ace::2,pair-5db123faec6b2392ce00,ENDPOINT_ADDED,get,/auto754,1,0,0,0,0,0,0,0,0,,ENDPOINT_ADDED
pair-5db123faec6b2392ce00::ace::3,pair-5db123faec6b2392ce00,ENDPOINT_REMOVED,get,/v1/nutrition,2,0,0,0,0,0,0,0,0,,ENDPOINT_REMOVED
pair-5ee32cdbc2178a6999f2::ace::0,pair-5ee32cdbc2178a6999f2,ENDPOINT_ADDED,get,/auto731,1,0,0,0,0,0,0,0,0,,ENDPOINT_ADDED
pair-5ee32cdbc2178a6999f2::ace::1,pair-5ee32cdbc2178a6999f2,ENDPOINT_ADDED,get,/auto847,1,0,0,0,0,0,0,0,0,,ENDPOINT_ADDED
pair-5ee32cdbc2178a6999f2::ace::2,pair-5ee32cdbc2178a6999f2,ENDPOINT_REMOVED,post,/validate_for_voice,1,0,0,0,0,0,0,0,0,,ENDPOINT_REMOVED
pair-62adb9a077a1ce4ab137::ace::0,pair-62adb9a077a1ce4ab137,ENDPOINT_ADDED,get,/prometheus/new,2,0,0,0,0,0,15,0,0,/prometheus/new,ENDPOINT_ADDED
pair-637ab921a99a913d36c1::ace::0,pair-637ab921a99a913d36c1,ENDPOINT_ADDED,get,/auto809,1,0,0,0,0,0,0,0,0,,ENDPOINT_ADDED
pair-637ab921a99a913d36c1::ace::1,pair-637ab921a99a913d36c1,ENDPOINT_REMOVED,post,/getCostEstimate,1,0,0,0,0,0,0,0,0,,ENDPOINT_REMOVED
pair-6395bfe22477339b77d0::ace::0,pair-6395bfe22477339b77d0,ENDPOINT_ADDED,get,/auto295,1,0,0,0,0,0,0,0,0,,ENDPOINT_ADDED
pair-6395bfe22477339b77d0::ace::1,pair-6395bfe22477339b77d0,ENDPOINT_ADDED,get,/auto696,1,0,0,1,0,0,0,0,0,,ENDPOINT_ADDED
pair-6395bfe22477339b77d0::ace::2,pair-6395bfe22477339b77d0,ENDPOINT_ADDED,post,/auto862,1,0,0,0,0,0,0,0,0,,ENDPOINT_ADDED
pair-6395bfe22477339b77d0::ace::3,pair-6395bfe22477339b77d0,ENDPOINT_REMOVED,get,/read/operations/{operationId},3,0,0,0,0,0,0,0,0,,ENDPOINT_REMOVED
pair-63d53b205368c4811c25::ace::0,pair-63d53b205368c4811c25,ENDPOINT_ADDED,get,/auto594,1,0,0,0,0,0,0,0,0,,ENDPOINT_ADDED
pair-643eef61b1d1cd322c9c::ace::0,pair-643eef61b1d1cd322c9c,ENDPOINT_ADDED,get,/auto196,1,0,0,0,0,0,0,0,0,,ENDPOINT_ADDED
pair-643eef61b1d1cd322c9c::ace::1,pair-643eef61b1d1cd322c9c,ENDPOINT_ADDED,get,/auto782,1,0,0,0,0,0,0,0,0,,ENDPOINT_ADDED
pair-643eef61b1d1cd322c9c::ace::2,pair-643eef61b1d1cd322c9c,ENDPOINT_ADDED,get,/auto914,1,0,0,0,0,0,0,0,0,,ENDPOINT_ADDED
pair-646e86acaf2b63de57da::ace::0,pair-646e86acaf2b63de57da,ENDPOINT_ADDED,get,/auto139,1,0,0,0,0,0,0,0,0,,ENDPOINT_ADDED
pair-697e301191c596de5d85::ace::0,pair-697e301191c596de5d85,ENDPOINT_ADDED,post,/auto825,1,0,0,0,0,0,0,0,0,,ENDPOINT_ADDED
pair-69b89fa035b1c028cc38::ace::0,pair-69b89fa035b1c028cc38,PARAM_REQUIRED_ADDED,get,/Analyses/CopyNumber/Genes/All,4,0,0,0,0,0,6,0,0,format,PARAM_REQUIRED_ADDED
pair-69b89fa035b1c028cc38::ace::2,pair-69b89fa035b1c028cc38,PARAM_REQUIRED_ADDED,get,/Metadata/Dates,2,0,0,0,0,0,6,0,0,format,PARAM_REQUIRED_ADDED
pair-69b89fa035b1c028cc38::ace::4,pair-69b89fa035b1c028cc38,PARAM_REQUIRED_ADDED,get,/Metadata/Patients,2,0,0,0,0,0,6,0,0,format,PARAM_REQUIRED_ADDED
pair-69b89fa035b1c028cc38::ace::6,pair-69b89fa035b1c028cc38,ENDPOINT_ADDED,get,/auto174,1,0,0,0,0,0,0,0,0,,ENDPOINT_ADDED
pair-69b89fa035b1c028cc38::ace::7,pair-69b89fa035b1c028cc38,ENDPOINT_ADDED,get,/auto895,1,0,0,0,0,0,0,0,0,,ENDPOINT_ADDED
pair-69d8e86fed77c9c1c4f6::ace::2,pair-69d8e86fed77c9c1c4f6,ENDPOINT_ADDED,get,/auto577,1,0,0,0,0,0,0,0,0,,ENDPOINT_ADDED
pair-69d8e86fed77c9c1c4f6::ace::3,pair-69d8e86fed77c9c1c4f6,ENDPOINT_ADDED,get,/auto713,1,0,0,0,0,0,0,0,0,,ENDPOINT_ADDED
pair-6bad542a17117127fc86::ace::0,pair-6bad542a17117127fc86,ENDPOINT_ADDED,get,/auto333,1,0,0,0,0,0,0,0,0,,ENDPOINT_ADDED
pair-6bad542a17117127fc86::ace::1,pair-6bad542a17117127fc86,PARAM_ADDED,get,/applicant_multi,1,0,0,0,0,0,11,0,0,synth-param,PARAM_ADDED
pair-6d838910d6f42847c9e0::ace::0,pair-6d838910d6f42847c9e0,ENDPOINT_ADDED,get,/auto526,1,0,0,1,0,0,0,0,0,,ENDPOINT_ADDED
pair-6d838910d6f42847c9e0::ace::1,pair-6d838910d6f42847c9e0,ENDPOINT_ADDED,get,/auto701,1,0,0,0,0,0,0,0,0,,ENDPOINT_ADDED
pair-6db622c92b5c6a33162b::ace::0,pair-6db622c92b5c6a33162b,ENDPOINT_ADDED,get,/auto368,1,0,0,0,0,0,0,0,0,,ENDPOINT_ADDED
pair-6db622c92b5c6a33162b::ace::1,pair-6db622c92b5c6a33162b,ENDPOINT_ADDED,post,/auto621,1,0,0,0,0,0,0,0,0,,ENDPOINT_ADDED
pair-6f7049638cf13318cd3e::ace::0,pair-6f7049638cf13318cd3e,ENDPOINT_ADDED,get,/auto149,1,0,0,0,0,0,0,0,0,,ENDPOINT_ADDED
pair-6f7049638cf13318cd3e::ace::1,pair-6f7049638cf13318cd3e,ENDPOINT_ADDED,get,/auto674,1,0,0,0,0,0,0,0,0,,ENDPOINT_ADDED
pair-6f7049638cf13318cd3e::ace::2,pair-6f7049638cf13318cd3e,ENDPOINT_ADDED,get,/auto880,1,0,0,0,0,0,0,0,0,,ENDPOINT_ADDED
pair-6f7049638cf13318cd3e::ace::3,pair-6f7049638cf13318cd3e,PARAM_REQUIRED_ADDED,get,/v1/orders,2,0,0,0,0,0,11,0,0,periodStart,PARAM_REQUIRED_ADDED
pair-6f7049638cf13318cd3e::ace::4,pair-6f7049638cf13318cd3e,ENDPOINT_REMOVED,get,/v1/orders/{orderId},3,0,0,0,0,0,0,0,0,,ENDPOINT_REMOVED
pair-6f8857b6039667c3a7b7::ace::0,pair-6f8857b6039667c3a7b7,ENDPOINT_ADDED,get,/application/new,2,0,0,0,0,0,16,0,0,/application/new,ENDPOINT_ADDED
pair-70ae9fbe32ab9fb6526e::ace::0,pair-70ae9fbe32ab9fb6526e,ENDPOINT_ADDED,get,/auto537,1,0,0,1,0,0,0,0,0,,ENDPOINT_ADDED
pair-727f90c70e8a2a3c8ba6::ace::0,pair-727f90c70e8a2a3c8ba6,ENDPOINT_ADDED,get,/auto131,1,0,0,0,0,0,0,0,0,,ENDPOINT_ADDED
pair-727f90c70e8a2a3c8ba6::ace::1,pair-727f90c70e8a2a3c8ba6,ENDPOINT_ADDED,get,/auto180,1,0,0,0,0,0,0,0,0,,ENDPOINT_ADDED
pair-727f90c70e8a2a3c8ba6::ace::2,pair-727f90c70e8a2a3c8ba6,ENDPOINT_ADDED,get,/auto453,1,0,0,0,0,0,0,0,0,,ENDPOINT_ADDED
pair-76589f0d94a30b5e7886::ace::0,pair-76589f0d94a30b5e7886,ENDPOINT_ADDED,get,/auto155,1,0,0,0,0,0,0,0,0,,ENDPOINT_ADDED
pair-76589f0d94a30b5e7886::ace::1,pair-76589f0d94a30b5e7886,ENDPOINT_ADDED,get,/auto172,1,0,0,0,0,0,0,0,0,,ENDPOINT_ADDED
pair-76589f0d94a30b5e7886::ace::2,pair-76589f0d94a30b5e7886,ENDPOINT_REMOVED,post,/requestSubjectErasure,1,0,0,1,0,0,0,0,0,,ENDPOINT_REMOVED
pair-77e3d8e49fd9e749b809::ace::0,pair-77e3d8e49fd9e749b809,ENDPOINT_ADDED,post,/auto194,1,0,0,0,0,0,0,0,0,,ENDPOINT_ADDED
pair-77e3d8e49fd9e749b809::ace::1,pair-77e3d8e49fd9e749b809,ENDPOINT_ADDED,get,/auto760,1,0,0,0,0,0,0,0,0,,ENDPOINT_ADDED
pair-782f1cfc90376a18ef98::ace::0,pair-782f1cfc90376a18ef98,ENDPOINT_ADDED,get,/auto768,1,0,0,0,0,0,0,0,0,,ENDPOINT_ADDED
pair-782f1cfc90376a18ef98::ace::1,pair-782f1cfc90376a18ef98,ENDPOINT_ADDED,get,/auto992,1,0,0,0,0,0,0,0,0,,ENDPOINT_ADDED
pair-782f1cfc90376a18ef98::ace::2,pair-782f1cfc90376a18ef98,ENDPOINT_REMOVED,get,/magnetic_field,1,0,0,0,0,0,0,0,0,,ENDPOINT_REMOVED
pair-785d015c35ac5e448fed::ace::0,pair-785d015c35ac5e448fed,PARAM_REQUIRED_ADDED,get,/api/v2.0/{database}/schemes,4,0,0,0,0,0,7,0,0,barcode,PARAM_REQUIRED_ADDED
pair-785d015c35ac5e448fed::ace::2,pair-785d015c35ac5e448fed,ENDPOINT_ADDED,get,/auto206,1,0,0,0,0,0,0,0,0,,ENDPOINT_ADDED
pair-785d015c35ac5e448fed::ace::3,pair-785d015c35ac5e448fed,ENDPOINT_ADDED,get,/auto268,1,0,0,0,0,0,0,0,0,,ENDPOINT_ADDED
pair-785d015c35ac5e448fed::ace::4,pair-785d015c35ac5e448fed,ENDPOINT_ADDED,get,/auto830,1,0,0,0,0,0,0,0,0,,ENDPOINT_ADDED
pair-78a88dac5c73cb60637a::ace::0,pair-78a88dac5c73cb60637a,ENDPOINT_ADDED,get,/auto241,1,0,0,0,0,0,0,0,0,,ENDPOINT_ADDED
pair-79463f2aefdf95f99a24::ace::0,pair-79463f2aefdf95f99a24,ENDPOINT_ADDED,get,/auto191,1,0,0,0,0,0,0,0,0,,ENDPOINT_ADDED
pair-79463f2aefdf95f99a24::ace::1,pair-79463f2aefdf95f99a24,ENDPOINT_ADDED,get,/auto337,1,0,0,1,0,0,0,0,0,,ENDPOINT_ADDED
pair-79463f2aefdf95f99a24::ace::2,pair-79463f2aefdf95f99a24,ENDPOINT_ADDED,get,/auto696,1,0,0,0,0,0,0,0,0,,ENDPOINT_ADDED
pair-7c517eefc11f080484c3::ace::0,pair-7c517eefc11f080484c3,ENDPOINT_ADDED,get,/auto303,1,0,0,0,0,0,0,0,0,,ENDPOINT_ADDED
pair-7c517eefc11f080484c3::ace::1,pair-7c517eefc11f080484c3,ENDPOINT_ADDED,get,/auto385,1,0,0,0,0,0,0,0,0,,ENDPOINT_ADDED
pair-7c517eefc11f080484c3::ace::2,pair-7c517eefc11f080484c3,ENDPOINT_ADDED,get,/auto683,1,0,0,0,0,0,0,0,0,,ENDPOINT_ADDED
pair-7c62431a869b57e69e36::ace::0,pair-7c62431a869b57e69e36,RECIPE_ADDED,,,0,0,0,0,0,0,6,1,0,Added2,RECIPE_ADDED
pair-81531e7eb5024c1b2d77::ace::1,pair-81531e7eb5024c1b2d77,PARAM_REQUIRED_ADDED,get,/api/GoalAdjustments/Retirement/Adjustments,4,0,0,0,0,0,8,0,0,clientId,PARAM_REQUIRED_ADDED
pair-81531e7eb5024c1b2d77::ace::3,pair-81531e7eb5024c1b2d77,ENDPOINT_ADDED,get,/auto390,1,0,0,0,0,0,0,0,0,,ENDPOINT_ADDED
pair-81531e7eb5024c1b2d77::ace::4,pair-81531e7eb5024c1b2d77,ENDPOINT_ADDED,get,/auto417,1,0,0,0,0,0,0,0,0,,ENDPOINT_ADDED
pair-81531e7eb5024c1b2d77::ace::5,pair-81531e7eb5024c1b2d77,ENDPOINT_ADDED,get,/auto884,1,0,0,0,0,0,0,0,0,,ENDPOINT_ADDED
pair-83486e2168f96e163426::ace::1,pair-83486e2168f96e163426,ENDPOINT_ADDED,get,/auto107,1,0,0,0,0,0,0,0,0,,ENDPOINT_ADDED
pair-83486e2168f96e163426::ace::2,pair-83486e2168f96e163426,ENDPOINT_ADDED,get,/auto843,1,0,0,0,0,0,0,0,0,,ENDPOINT_ADDED
pair-83486e2168f96e163426::ace::3,pair-83486e2168f96e163426,ENDPOINT_ADDED,get,/auto916,1,0,0,0,0,0,0,0,0,,ENDPOINT_ADDED
pair-83b000bcd5cdae56e14a::ace::0,pair-83b000bcd5cdae56e14a,ENDPOINT_ADDED,post,/auto584,1,0,0,0,0,0,0,0,0,,ENDPOINT_ADDED
pair-83b000bcd5cdae56e14a::ace::1,pair-83b000bcd5cdae56e14a,ENDPOINT_ADDED,post,/auto827,1,0,0,1,0,0,0,0,0,,ENDPOINT_ADDED
pair-83b000bcd5cdae56e14a::ace::2,pair-83b000bcd5cdae56e14a,ENDPOINT_ADDED,get,/auto831,1,0,0,0,0,0,0,0,0,,ENDPOINT_ADDED
pair-847fc5afa8c9b8d325c2::ace::0,pair-847fc5afa8c9b8d325c2,ENDPOINT_ADDED,post,/auto395,1,0,0,0,0,0,0,0,0,,ENDPOINT_ADDED
pair-8542f6b5688e9f690eef::ace::0,pair-8542f6b5688e9f690eef,ENDPOINT_ADDED,get,/auto910,1,0,0,0,0,0,0,0,0,,ENDPOINT_ADDED
pair-857a3a87a6a1f0863d9b::ace::0,pair-857a3a87a6a1f0863d9b,ENDPOINT_ADDED,get,/auto594,1,0,0,0,0,0,0,0,0,,ENDPOINT_ADDED
pair-8775458af36c08654345::ace::0,pair-8775458af36c08654345,ENDPOINT_ADDED,get,/auto555,1,0,0,0,0,0,0,0,0,,ENDPOINT_ADDED
pair-8775458af36c08654345::ace::1,pair-8775458af36c08654345,PARAM_REQUIRED_ADDED,get,/v1/abuse/tickets,3,0,0,0,0,0,4,0,0,type,PARAM_REQUIRED_ADDED
pair-878f797f095b4e3ae3a1::ace::0,pair-878f797f095b4e3ae3a1,ENDPOINT_ADDED,get,/auto351,1,0,0,0,0,0,0,0,0,,ENDPOINT_ADDED
pair-878f797f095b4e3ae3a1::ace::1,pair-878f797f095b4e3ae3a1,ENDPOINT_ADDED,get,/auto826,1,0,0,0,0,0,0,0,0,,ENDPOINT_ADDED
pair-878f797f095b4e3ae3a1::ace::2,pair-878f797f095b4e3ae3a1,ENDPOINT_ADDED,get,/auto978,1,0,0,0,0,0,0,0,0,,ENDPOINT_ADDED
pair-87def75c4380aa9821dd::ace::0,pair-87def75c4380aa9821dd,ENDPOINT_ADDED,get,/auto677,1,0,0,0,0,0,0,0,0,,ENDPOINT_ADDED
pair-87def75c4380aa9821dd::ace::1,pair-87def75c4380aa9821dd,ENDPOINT_ADDED,post,/auto713,1,0,0,0,0,0,0,0,0,,ENDPOINT_ADDED
pair-883bf47dc8caf4551ef5::ace::0,pair-883bf47dc8caf4551ef5,ENDPOINT_ADDED,post,/auto418,1,0,0,1,0,0,0,0,0,,ENDPOINT_ADDED
pair-8b06b1e921a9e791b37b::ace::0,pair-8b06b1e921a9e791b37b,ENDPOINT_ADDED,get,/auto370,1,0,0,1,0,0,0,0,0,,ENDPOINT_ADDED
pair-8b06b1e921a9e791b37b::ace::1,pair-8b06b1e921a9e791b37b,ENDPOINT_ADDED,get,/auto389,1,0,0,0,0,0,0,0,0,,ENDPOINT_ADDED
pair-8b06b1e921a9e791b37b::ace::2,pair-8b06b1e921a9e791b37b,ENDPOINT_ADDED,get,/auto418,1,0,0,1,0,0,0,0,0,,ENDPOINT_ADDED
pair-8b06b1e921a9e791b37b::ace::3,pair-8b06b1e921a9e791b37b,ENDPOINT_REMOVED,get,/v1/workgroups/{workgroup_id}/supplierWorkgroups,4,0,0,1,0,0,0,0,0,,ENDPOINT_REMOVED
pair-8b8879af82bfc00c846f::ace::1,pair-8b8879af82bfc00c846f,ENDPOINT_ADDED,get,/auto309,1,0,0,0,0,0,0,0,0,,ENDPOINT_ADDED
pair-8b8879af82bfc00c846f::ace::2,pair-8b8879af82bfc00c846f,ENDPOINT_ADDED,get,/auto887,1,0,0,0,0,0,0,0,0,,ENDPOINT_ADDED
pair-8dea0ba9e4413ede42eb::ace::0,pair-8dea0ba9e4413ede42eb,ENDPOINT_ADDED,get,/auto241,1,0,0,0,0,0,0,0,0,,ENDPOINT_ADDED
pair-8dea0ba9e4413ede42eb::ace::1,pair-8dea0ba9e4413ede42eb,ENDPOINT_ADDED,get,/auto910,1,0,0,0,0,0,0,0,0,,ENDPOINT_ADDED
pair-8fa719a4f572e28c70d8::ace::0,pair-8fa719a4f572e28c70d8,ENDPOINT_ADDED,get,/auto164,1,0,0,0,0,0,0,0,0,,ENDPOINT_ADDED
pair-8fa719a4f572e28c70d8::ace::1,pair-8fa719a4f572e28c70d8,ENDPOINT_ADDED,get,/auto331,1,0,0,0,0,0,0,0,0,,ENDPOINT_ADDED
pair-8fa719a4f572e28c70d8::ace::2,pair-8fa719a4f572e28c70d8,ENDPOINT_ADDED,get,/auto974,1,0,0,0,0,0,0,0,0,,ENDPOINT_ADDED
pair-90f07a1ac4c8d3f66169::ace::1,pair-90f07a1ac4c8d3f66169,ENDPOINT_ADDED,get,/auto179,1,0,0,0,0,0,0,0,0,,ENDPOINT_ADDED
pair-90f07a1ac4c8d3f66169::ace::2,pair-90f07a1ac4c8d3f66169,ENDPOINT_ADDED,get,/auto378,1,0,0,0,0,0,0,0,0,,ENDPOINT_ADDED
pair-927201651b10df20bc59::ace::0,pair-927201651b10df20bc59,ENDPOINT_ADDED,post,/auto802,1,0,0,0,0,0,0,0,0,,ENDPOINT_ADDED
pair-94ae8859244091697cc2::ace::0,pair-94ae8859244091697cc2,ENDPOINT_ADDED,get,/auto514,1,0,0,0,0,0,0,0,0,,ENDPOINT_ADDED
pair-94ae8859244091697cc2::ace::1,pair-94ae8859244091697cc2,ENDPOINT_ADDED,get,/auto908,1,0,0,0,0,0,0,0,0,,ENDPOINT_ADDED
pair-94ae8859244091697cc2::ace::2,pair-94ae8859244091697cc2,ENDPOINT_ADDED,get,/auto984,1,0,0,0,0,0,0,0,0,,ENDPOINT_ADDED
pair-958118fa73d9002057d5::ace::0,pair-958118fa73d9002057d5,ENDPOINT_ADDED,get,/auto854,1,0,0,0,0,0,0,0,0,,ENDPOINT_ADDED
pair-960af8199fe6c85eb5b3::ace::0,pair-960af8199fe6c85eb5b3,ENDPOINT_ADDED,get,/auto484,1,0,0,0,0,0,0,0,0,,ENDPOINT_ADDED
pair-960af8199fe6c85eb5b3::ace::1,pair-960af8199fe6c85eb5b3,PARAM_ADDED,get,/v1/shoppers/subaccount,3,0,0,0,0,0,11,0,0,synth-param,PARAM_ADDED
pair-97e2e66dd86277d2266d::ace::0,pair-97e2e66dd86277d2266d,ENDPOINT_ADDED,post,/auto347,1,0,0,0,0,0,0,0,0,,ENDPOINT_ADDED
pair-97e2e66dd86277d2266d::ace::1,pair-97e2e66dd86277d2266d,ENDPOINT_REMOVED,post,/{organism}/xrefsBatch/{systemCode},3,0,0,0,0,0,0,0,0,,ENDPOINT_REMOVED
pair-9b75baf74a6bdd08246e::ace::0,pair-9b75baf74a6bdd08246e,ENDPOINT_ADDED,post,/auto178,1,0,0,0,0,0,0,0,0,,ENDPOINT_ADDED
pair-9b75baf74a6bdd08246e::ace::1,pair-9b75baf74a6bdd08246e,ENDPOINT_ADDED,post,/auto255,1,0,0,0,0,0,0,0,0,,ENDPOINT_ADDED
pair-9b75baf74a6bdd08246e::ace::2,pair-9b75baf74a6bdd08246e,ENDPOINT_ADDED,get,/auto860,1,0,0,0,0,0,0,0,0,,ENDPOINT_ADDED
pair-9b75baf74a6bdd08246e::ace::3,pair-9b75baf74a6bdd08246e,ENDPOINT_REMOVED,get,/v2/certificates,2,0,0,1,0,0,0,0,0,,ENDPOINT_REMOVED
pair-9f6967b016b1ea562fca::ace::0,pair-9f6967b016b1ea562fca,ENDPOINT_ADDED,post,/auto117,1,0,0,0,0,0,0,0,0,,ENDPOINT_ADDED
pair-9f6967b016b1ea562fca::ace::1,pair-9f6967b016b1ea562fca,ENDPOINT_ADDED,post,/auto947,1,0,0,0,0,0,0,0,0,,ENDPOINT_ADDED
pair-a0f5533794c26ee1ba21::ace::0,pair-a0f5533794c26ee1ba21,ENDPOINT_ADDED,post,/auto484,1,0,0,1,0,0,0,0,0,,ENDPOINT_ADDED
pair-a170fcb7aae74fceb59c::ace::0,pair-a170fcb7aae74fceb59c,ENDPOINT_ADDED,post,/auto107,1,0,0,1,0,0,0,0,0,,ENDPOINT_ADDED
pair-a170fcb7aae74fceb59c::ace::1,pair-a170fcb7aae74fceb59c,ENDPOINT_ADDED,post,/auto654,1,0,0,0,0,0,0,0,0,,ENDPOINT_ADDED
pair-a170fcb7aae74fceb59c::ace::2,pair-a170fcb7aae74fceb59c,ENDPOINT_ADDED,post,/auto696,1,0,0,1,0,0,0,0,0,,ENDPOINT_ADDED
pair-a1da07d754ad680e0f72::ace::0,pair-a1da07d754ad680e0f72,RECIPE_ADDED,,,0,0,0,0,0,0,6,1,0,Added5,RECIPE_ADDED
pair-a59cd37858d88d4d4bfe::ace::0,pair-a59cd37858d88d4d4bfe,ENDPOINT_ADDED,get,/auto400,1,0,0,0,0,0,0,0,0,,ENDPOINT_ADDED
pair-a59cd37858d88d4d4bfe::ace::1,pair-a59cd37858d88d4d4bfe,ENDPOINT_ADDED,get,/auto791,1,0,0,0,0,0,0,0,0,,ENDPOINT_ADDED
pair-a59cd37858d88d4d4bfe::ace::2,pair-a59cd37858d88d4d4bfe,ENDPOINT_ADDED,get,/auto935,1,0,0,0,0,0,0,0,0,,ENDPOINT_ADDED
pair-a9b8f3ea6d40f7d5c982::ace::0,pair-a9b8f3ea6d40f7d5c982,ENDPOINT_REMOVED,get,/AirQuality,1,0,0,0,0,0,0,0,0,,ENDPOINT_REMOVED
pair-a9b8f3ea6d40f7d5c982::ace::1,pair-a9b8f3ea6d40f7d5c982,ENDPOINT_ADDED,get,/auto838,1,0,0,1,0,0,0,0,0,,ENDPOINT_ADDED
pair-a9b8f3ea6d40f7d5c982::ace::2,pair-a9b8f3ea6d40f7d5c982,ENDPOINT_ADDED,post,/auto950,1,0,0,0,0,0,0,0,0,,ENDPOINT_ADDED
pair-acc2ececde18ed75d859::ace::0,pair-acc2ececde18ed75d859,ENDPOINT_ADDED,post,/auto424,1,0,0,1,0,0,0,0,0,,ENDPOINT_ADDED
pair-acc2ececde18ed75d859::ace::1,pair-acc2ececde18ed75d859,ENDPOINT_ADDED,get,/auto718,1,0,0,0,0,0,0,0,0,,ENDPOINT_ADDED
pair-accdd4676cfd812898d6::ace::1,pair-accdd4676cfd812898d6,ENDPOINT_ADDED,get,/auto825,1,0,0,0,0,0,0,0,0,,ENDPOINT_ADDED
pair-ada1f8ddb54d0c54832e::ace::0,pair-ada1f8ddb54d0c54832e,ENDPOINT_ADDED,get,/auto659,1,0,0,1,0,0,0,0,0,,ENDPOINT_ADDED
pair-ada1f8ddb54d0c54832e::ace::1,pair-ada1f8ddb54d0c54832e,ENDPOINT_ADDED,get,/auto956,1,0,0,0,0,0,0,0,0,,ENDPOINT_ADDED
pair-adfe16afd48c2b747476::ace::0,pair-adfe16afd48c2b747476,ENDPOINT_ADDED,get,/auto129,1,0,0,0,0,0,0,0,0,,ENDPOINT_ADDED
pair-adfe16afd48c2b747476::ace::1,pair-adfe16afd48c2b747476,ENDPOINT_ADDED,get,/auto137,1,0,0,0,0,0,0,0,0,,ENDPOINT_ADDED
pair-ae82383e5f1a4ac72ffa::ace::0,pair-ae82383e5f1a4ac72ffa,ENDPOINT_ADDED,get,/auto502,1,0,0,0,0,0,0,0,0,,ENDPOINT_ADDED
pair-ae82383e5f1a4ac72ffa::ace::1,pair-ae82383e5f1a4ac72ffa,ENDPOINT_ADDED,post,/auto706,1,0,0,0,0,0,0,0,0,,ENDPOINT_ADDED
pair-afea14f435bfced79dc7::ace::0,pair-afea14f435bfced79dc7,RECIPE_ADDED,,,0,0,0,0,0,0,6,1,0,Added7,RECIPE_ADDED
pair-b307d26a5b2e4b98e66f::ace::0,pair-b307d26a5b2e4b98e66f,ENDPOINT_ADDED,get,/auto178,1,0,0,0,0,0,0,0,0,,ENDPOINT_ADDED
pair-b307d26a5b2e4b98e66f::ace::1,pair-b307d26a5b2e4b98e66f,ENDPOINT_ADDED,post,/auto366,1,0,0,0,0,0,0,0,0,,ENDPOINT_ADDED
pair-b307d26a5b2e4b98e66f::ace::2,pair-b307d26a5b2e4b98e66f,ENDPOINT_ADDED,get,/auto754,1,0,0,0,0,0,0,0,0,,ENDPOINT_ADDED
pair-b307d26a5b2e4b98e66f::ace::3,pair-b307d26a5b2e4b98e66f,ENDPOINT_REMOVED,get,/v1/nutrition,2,0,0,0,0,0,0,0,0,,ENDPOINT_REMOVED
pair-b3e5a7e11ed378e3b583::ace::0,pair-b3e5a7e11ed378e3b583,ENDPOINT_ADDED,get,/auto387,1,0,0,0,0,0,0,0,0,,ENDPOINT_ADDED
pair-b3e5a7e11ed378e3b583::ace::1,pair-b3e5a7e11ed378e3b583,ENDPOINT_ADDED,get,/auto617,1,0,0,1,0,0,0,0,0,,ENDPOINT_ADDED
pair-b3e5a7e11ed378e3b583::ace::2,pair-b3e5a7e11ed378e3b583,ENDPOINT_ADDED,post,/auto769,1,0,0,1,0,0,0,0,0,,ENDPOINT_ADDED
pair-b46836c004064771a82b::ace::0,pair-b46836c004064771a82b,ENDPOINT_ADDED,post,/auto200,1,0,0,0,0,0,0,0,0,,ENDPOINT_ADDED
pair-b46836c004064771a82b::ace::1,pair-b46836c004064771a82b,ENDPOINT_ADDED,post,/auto264,1,0,0,0,0,0,0,0,0,,ENDPOINT_ADDED
pair-b46836c004064771a82b::ace::2,pair-b46836c004064771a82b,ENDPOINT_ADDED,post,/auto859,1,0,0,1,0,0,0,0,0,,ENDPOINT_ADDED
pair-b46836c004064771a82b::ace::3,pair-b46836c004064771a82b,ENDPOINT_REMOVED,get,/query.{extension},1,0,0,0,0,0,0,0,0,,ENDPOINT_REMOVED
pair-b4bc8f6de9bbfd5b8ffe::ace::0,pair-b4bc8f6de9bbfd5b8ffe,RECIPE_ADDED,,,0,0,0,0,0,0,6,1,0,Added9,RECIPE_ADDED
pair-b5469800e4de72aa5c12::ace::0,pair-b5469800e4de72aa5c12,ENDPOINT_ADDED,get,/auto186,1,0,0,0,0,0,0,0,0,,ENDPOINT_ADDED
pair-b5469800e4de72aa5c12::ace::1,pair-b5469800e4de72aa5c12,ENDPOINT_ADDED,get,/auto297,1,0,0,0,0,0,0,0,0,,ENDPOINT_ADDED
pair-b5469800e4de72aa5c12::ace::2,pair-b5469800e4de72aa5c12,ENDPOINT_ADDED,get,/auto793,1,0,0,0,0,0,0,0,0,,ENDPOINT_ADDED
pair-b5469800e4de72aa5c12::ace::4,pair-b5469800e4de72aa5c12,ENDPOINT_REMOVED,get,/words.json/search/{query},3,0,0,0,0,0,0,0,0,,ENDPOINT_REMOVED
pair-b548448fa6b812fa0f46::ace::0,pair-b548448fa6b812fa0f46,ENDPOINT_ADDED,get,/auto361,1,0,0,0,0,0,0,0,0,,ENDPOINT_ADDED
pair-b548448fa6b812fa0f46::ace::1,pair-b548448fa6b812fa0f46,ENDPOINT_ADDED,get,/auto644,1,0,0,0,0,0,0,0,0,,ENDPOINT_ADDED
pair-b548448fa6b812fa0f46::ace::2,pair-b548448fa6b812fa0f46,ENDPOINT_ADDED,get,/auto871,1,0,0,0,0,0,0,0,0,,ENDPOINT_ADDED
pair-b554245f5eefcbf144f7::ace::0,pair-b554245f5eefcbf144f7,ENDPOINT_ADDED,get,/auto298,1,0,0,0,0,0,0,0,0,,ENDPOINT_ADDED
pair-b554245f5eefcbf144f7::ace::1,pair-b554245f5eefcbf144f7,ENDPOINT_ADDED,post,/auto507,1,0,0,1,0,0,0,0,0,,ENDPOINT_ADDED
pair-b554245f5eefcbf144f7::ace::2,pair-b554245f5eefcbf144f7,ENDPOINT_ADDED,get,/auto711,1,0,0,0,0,0,0,0,0,,ENDPOINT_ADDED
pair-b6b3aa0b5636ae01fd23::ace::0,pair-b6b3aa0b5636ae01fd23,ENDPOINT_ADDED,get,/auto643,1,0,0,0,0,0,0,0,0,,ENDPOINT_ADDED
pair-b6b3aa0b5636ae01fd23::ace::1,pair-b6b3aa0b5636ae01fd23,ENDPOINT_ADDED,get,/auto656,1,0,0,0,0,0,0,0,0,,ENDPOINT_ADDED
pair-b6b3aa0b5636ae01fd23::ace::2,pair-b6b3aa0b5636ae01fd23,PARAM_REQUIRED_ADDED,get,/hackathons/coming.json,2,0,0,0,0,0,4,0,0,page,PARAM_REQUIRED_ADDED
pair-b7c73061568640253ca3::ace::0,pair-b7c73061568640253ca3,ENDPOINT_ADDED,get,/auto443,1,0,0,0,0,0,0,0,0,,ENDPOINT_ADDED
pair-b87eaa2e6ed33a0a6372::ace::0,pair-b87eaa2e6ed33a0a6372,ENDPOINT_ADDED,post,/auto156,1,0,0,1,0,0,0,0,0,,ENDPOINT_ADDED
pair-b87eaa2e6ed33a0a6372::ace::1,pair-b87eaa2e6ed33a0a6372,ENDPOINT_ADDED,post,/auto979,1,0,0,0,0,0,0,0,0,,ENDPOINT_ADDED
pair-b8a11f61ca8c0819b663::ace::0,pair-b8a11f61ca8c0819b663,ENDPOINT_ADDED,get,/auto347,1,0,0,0,0,0,0,0,0,,ENDPOINT_ADDED
pair-b8a11f61ca8c0819b663::ace::1,pair-b8a11f61ca8c0819b663,ENDPOINT_ADDED,get,/auto552,1,0,0,1,0,0,0,0,0,,ENDPOINT_ADDED
pair-b8a11f61ca8c0819b663::ace::2,pair-b8a11f61ca8c0819b663,ENDPOINT_ADDED,get,/auto584,1,0,0,1,0,0,0,0,0,,ENDPOINT_ADDED
pair-b9d4cce1f40552cf36c5::ace::0,pair-b9d4cce1f40552cf36c5,ENDPOINT_ADDED,get,/auto865,1,0,0,0,0,0,0,0,0,,ENDPOINT_ADDED
pair-b9d4cce1f40552cf36c5::ace::1,pair-b9d4cce1f40552cf36c5,ENDPOINT_REMOVED,post,/getCostEstimate,1,0,0,0,0,0,0,0,0,,ENDPOINT_REMOVED
pair-bcd95592ad72ae6b92b3::ace::0,pair-bcd95592ad72ae6b92b3,RECIPE_ADDED,,,0,0,0,0,0,0,6,1,0,Added0,RECIPE_ADDED
pair-c0e59ae3e6f4ea81ba86::ace::0,pair-c0e59ae3e6f4ea81ba86,ENDPOINT_ADDED,get,/auto421,1,0,0,0,0,0,0,0,0,,ENDPOINT_ADDED
pair-c0e59ae3e6f4ea81ba86::ace::1,pair-c0e59ae3e6f4ea81ba86,ENDPOINT_ADDED,get,/auto513,1,0,0,0,0,0,0,0,0,,ENDPOINT_ADDED
pair-c555e8f8569cedbb9559::ace::0,pair-c555e8f8569cedbb9559,ENDPOINT_ADDED,get,/auto418,1,0,0,0,0,0,0,0,0,,ENDPOINT_ADDED
pair-c555e8f8569cedbb9559::ace::1,pair-c555e8f8569cedbb9559,ENDPOINT_REMOVED,get,/ip-check,1,0,0,0,0,0,0,0,0,,ENDPOINT_REMOVED
pair-c5605e15e281f1792ac1::ace::0,pair-c5605e15e281f1792ac1,ENDPOINT_ADDED,get,/auto656,1,0,0,1,0,0,0,0,0,,ENDPOINT_ADDED
pair-c5605e15e281f1792ac1::ace::1,pair-c5605e15e281f1792ac1,ENDPOINT_ADDED,get,/auto752,1,0,0,0,0,0,0,0,0,,ENDPOINT_ADDED
pair-c8eb2d5da4e7bf9e879e::ace::0,pair-c8eb2d5da4e7bf9e879e,ENDPOINT_ADDED,post,/auto461,1,0,0,1,0,0,0,0,0,,ENDPOINT_ADDED
pair-c8eb2d5da4e7bf9e879e::ace::1,pair-c8eb2d5da4e7bf9e879e,ENDPOINT_ADDED,post,/auto648,1,0,0,0,0,0,0,0,0,,ENDPOINT_ADDED
pair-c8eb2d5da4e7bf9e879e::ace::2,pair-c8eb2d5da4e7bf9e879e,ENDPOINT_ADDED,post,/auto732,1,0,0,0,0,0,0,0,0,,ENDPOINT_ADDED
pair-c90b3e366c6884a64f32::ace::0,pair-c90b3e366c6884a64f32,ENDPOINT_ADDED,get,/auto474,1,0,0,0,0,0,0,0,0,,ENDPOINT_ADDED
pair-c90b3e366c6884a64f32::ace::1,pair-c90b3e366c6884a64f32,ENDPOINT_ADDED,get,/auto658,1,0,0,0,0,0,0,0,0,,ENDPOINT_ADDED
pair-c92b6d6ca5a4a6dcba1d::ace::0,pair-c92b6d6ca5a4a6dcba1d,ENDPOINT_ADDED,get,/auto139,1,0,0,1,0,0,0,0,0,,ENDPOINT_ADDED
pair-c92b6d6ca5a4a6dcba1d::ace::1,pair-c92b6d6ca5a4a6dcba1d,ENDPOINT_REMOVED,post,/findTerminal,1,0,0,0,0,0,0,0,0,,ENDPOINT_REMOVED
pair-c99f572fff291af3b699::ace::1,pair-c99f572fff291af3b699,ENDPOINT_ADDED,get,/auto406,1,0,0,0,0,0,0,0,0,,ENDPOINT_ADDED
pair-c9c9dfa3859e1aa43ed2::ace::0,pair-c9c9dfa3859e1aa43ed2,ENDPOINT_ADDED,get,/auto323,1,0,0,0,0,0,0,0,0,,ENDPOINT_ADDED
pair-c9c9dfa3859e1aa43ed2::ace::1,pair-c9c9dfa3859e1aa43ed2,ENDPOINT_ADDED,get,/auto642,1,0,0,0,0,0,0,0,0,,ENDPOINT_ADDED
pair-ca862f4e3f5f5163871d::ace::0,pair-ca862f4e3f5f5163871d,ENDPOINT_ADDED,get,/auto229,1,0,0,0,0,0,0,0,0,,ENDPOINT_ADDED
pair-cac6d37dc80cb1b6c05e::ace::0,pair-cac6d37dc80cb1b6c05e,ENDPOINT_ADDED,get,/auto132,1,0,0,0,0,0,0,0,0,,ENDPOINT_ADDED
pair-cac6d37dc80cb1b6c05e::ace::1,pair-cac6d37dc80cb1b6c05e,ENDPOINT_ADDED,get,/auto139,1,0,0,0,0,0,0,0,0,,ENDPOINT_ADDED
pair-cac6d37dc80cb1b6c05e::ace::2,pair-cac6d37dc80cb1b6c05e,ENDPOINT_ADDED,get,/auto736,1,0,0,0,0,0,0,0,0,,ENDPOINT_ADDED
pair-cac7b8869f775ede45ad::ace::0,pair-cac7b8869f775ede45ad,ENDPOINT_ADDED,get,/auto647,1,0,0,0,0,0,0,0,0,,ENDPOINT_ADDED
pair-cac7b8869f775ede45ad::ace::1,pair-cac7b8869f775ede45ad,ENDPOINT_ADDED,get,/auto882,1,0,0,0,0,0,0,0,0,,ENDPOINT_ADDED
pair-cb055ce808052ff2b167::ace::0,pair-cb055ce808052ff2b167,ENDPOINT_ADDED,post,/auto824,1,0,0,0,0,0,0,0,0,,ENDPOINT_ADDED
pair-cb055ce808052ff2b167::ace::1,pair-cb055ce808052ff2b167,ENDPOINT_ADDED,get,/auto847,1,0,0,0,0,0,0,0,0,,ENDPOINT_ADDED
pair-cb055ce808052ff2b167::ace::2,pair-cb055ce808052ff2b167,ENDPOINT_REMOVED,post,/validate_for_voice,1,0,0,1,0,0,0,0,0,,ENDPOINT_REMOVED
pair-cb469bd90d351f3fd7ab::ace::0,pair-cb469bd90d351f3fd7ab,ENDPOINT_ADDED,get,/auto309,1,0,0,0,0,0,0,0,0,,ENDPOINT_ADDED
pair-cb469bd90d351f3fd7ab::ace::1,pair-cb469bd90d351f3fd7ab,ENDPOINT_ADDED,get,/auto387,1,0,0,0,0,0,0,0,0,,ENDPOINT_ADDED
pair-cb469bd90d351f3fd7ab::ace::2,pair-cb469bd90d351f3fd7ab,ENDPOINT_ADDED,get,/auto480,1,0,0,0,0,0,0,0,0,,ENDPOINT_ADDED
pair-ccc852d7cf8890266b37::ace::0,pair-ccc852d7cf8890266b37,ENDPOINT_ADDED,post,/auto555,1,0,0,0,0,0,0,0,0,,ENDPOINT_ADDED
pair-cec2d3069844b9b80c23::ace::0,pair-cec2d3069844b9b80c23,ENDPOINT_ADDED,get,/auto178,1,0,0,0,0,0,0,0,0,,ENDPOINT_ADDED
pair-cec2d3069844b9b80c23::ace::1,pair-cec2d3069844b9b80c23,ENDPOINT_ADDED,get,/auto255,1,0,0,0,0,0,0,0,0,,ENDPOINT_ADDED
pair-cec2d3069844b9b80c23::ace::2,pair-cec2d3069844b9b80c23,ENDPOINT_ADDED,get,/auto834,1,0,0,0,0,0,0,0,0,,ENDPOINT_ADDED
pair-cec2d3069844b9b80c23::ace::3,pair-cec2d3069844b9b80c23,PARAM_REQUIRED_ADDED,post,/v1/certificates,2,0,0,0,0,0,11,0,0,X-Market-Id,PARAM_REQUIRED_ADDED
pair-cef53f197c1849e4094b::ace::0,pair-cef53f197c1849e4094b,ENDPOINT_ADDED,get,/auto802,1,0,0,0,0,0,0,0,0,,ENDPOINT_ADDED
pair-cef53f197c1849e4094b::ace::1,pair-cef53f197c1849e4094b,ENDPOINT_REMOVED,get,/v1/countries/{countryKey},3,0,0,0,0,0,0,0,0,,ENDPOINT_REMOVED
pair-d02d6f30e833bd0495e8::ace::0,pair-d02d6f30e833bd0495e8,ENDPOINT_REMOVED,get,/api/v2/podcasts/countries,4,0,0,0,0,0,0,0,0,,ENDPOINT_REMOVED
pair-d02d6f30e833bd0495e8::ace::1,pair-d02d6f30e833bd0495e8,ENDPOINT_ADDED,get,/auto488,1,0,0,0,0,0,0,0,0,,ENDPOINT_ADDED
pair-d0ce4b8f04a8a967897d::ace::0,pair-d0ce4b8f04a8a967897d,ENDPOINT_ADDED,get,/auto705,1,0,0,0,0,0,0,0,0,,ENDPOINT_ADDED
pair-d0ce4b8f04a8a967897d::ace::1,pair-d0ce4b8f04a8a967897d,ENDPOINT_ADDED,get,/auto713,1,0,0,0,0,0,0,0,0,,ENDPOINT_ADDED
pair-d24008d64f0fcbaebec1::ace::0,pair-d24008d64f0fcbaebec1,ENDPOINT_ADDED,get,/auto149,1,0,0,0,0,0,0,0,0,,ENDPOINT_ADDED
pair-d24008d64f0fcbaebec1::ace::1,pair-d24008d64f0fcbaebec1,ENDPOINT_ADDED,get,/auto193,1,0,0,0,0,0,0,0,0,,ENDPOINT_ADDED
pair-d24008d64f0fcbaebec1::ace::2,pair-d24008d64f0fcbaebec1,ENDPOINT_ADDED,get,/auto291,1,0,0,0,0,0,0,0,0,,ENDPOINT_ADDED
pair-d2ddf5405bf982502867::ace::0,pair-d2ddf5405bf982502867,ENDPOINT_ADDED,get,/auto984,1,0,0,0,0,0,0,0,0,,ENDPOINT_ADDED
pair-d32b2717e272c1909937::ace::2,pair-d32b2717e272c1909937,ENDPOINT_ADDED,get,/auto854,1,0,0,0,0,0,0,0,0,,ENDPOINT_ADDED
pair-d4f46fbe159434151db3::ace::0,pair-d4f46fbe159434151db3,ENDPOINT_ADDED,get,/all/new,2,0,0,0,0,0,8,0,0,/all/new,ENDPOINT_ADDED
pair-d5a5c1676ee91c9aaf39::ace::0,pair-d5a5c1676ee91c9aaf39,ENDPOINT_ADDED,get,/auto206,1,0,0,1,0,0,0,0,0,,ENDPOINT_ADDED
pair-d5a5c1676ee91c9aaf39::ace::1,pair-d5a5c1676ee91c9aaf39,ENDPOINT_ADDED,get,/auto363,1,0,0,1,0,0,0,0,0,,ENDPOINT_ADDED
pair-d5a5c1676ee91c9aaf39::ace::2,pair-d5a5c1676ee91c9aaf39,ENDPOINT_ADDED,get,/auto968,1,0,0,1,0,0,0,0,0,,ENDPOINT_ADDED
pair-d6108ab0b95d319f4c79::ace::0,pair-d6108ab0b95d319f4c79,ENDPOINT_REMOVED,post,/authentication/forgotPassword,2,0,0,0,0,0,0,0,0,,ENDPOINT_REMOVED
pair-d6108ab0b95d319f4c79::ace::2,pair-d6108ab0b95d319f4c79,ENDPOINT_ADDED,get,/auto509,1,0,0,0,0,0,0,0,0,,ENDPOINT_ADDED
pair-d696a940ef9f9e488dd4::ace::0,pair-d696a940ef9f9e488dd4,ENDPOINT_ADDED,get,/auto793,1,0,0,0,0,0,0,0,0,,ENDPOINT_ADDED
pair-d791f529dd02b3107668::ace::0,pair-d791f529dd02b3107668,ENDPOINT_ADDED,get,/auto175,1,0,0,0,0,0,0,0,0,,ENDPOINT_ADDED
pair-d791f529dd02b3107668::ace::1,pair-d791f529dd02b3107668,ENDPOINT_ADDED,get,/auto502,1,0,0,0,0,0,0,0,0,,ENDPOINT_ADDED
pair-d791f529dd02b3107668::ace::2,pair-d791f529dd02b3107668,ENDPOINT_ADDED,get,/auto507,1,0,0,0,0,0,0,0,0,,ENDPOINT_ADDED
pair-d791f529dd02b3107668::ace::3,pair-d791f529dd02b3107668,ENDPOINT_REMOVED,post,/models/{model}/analyze,3,0,0,0,0,0,0,0,0,,ENDPOINT_REMOVED
pair-d791f529dd02b3107668::ace::4,pair-d791f529dd02b3107668,PARAM_REQUIRED_ADDED,post,/tag,1,0,0,0,0,0,8,0,0,language,PARAM_REQUIRED_ADDED
pair-d911356b4d417d2d2de8::ace::0,pair-d911356b4d417d2d2de8,ENDPOINT_ADDED,post,/auto241,1,0,0,1,0,0,0,0,0,,ENDPOINT_ADDED
pair-d911356b4d417d2d2de8::ace::1,pair-d911356b4d417d2d2de8,ENDPOINT_ADDED,post,/auto848,1,0,0,1,0,0,0,0,0,,ENDPOINT_ADDED
pair-dac6061b02ce63b74afd::ace::0,pair-dac6061b02ce63b74afd,ENDPOINT_ADDED,get,/docker-compose/new,2,0,0,0,0,0,19,0,0,/docker-compose/new,ENDPOINT_ADDED
pair-dc518ab016e238432169::ace::0,pair-dc518ab016e238432169,ENDPOINT_ADDED,get,/auto159,1,0,0,0,0,0,0,0,0,,ENDPOINT_ADDED
pair-dc518ab016e238432169::ace::1,pair-dc518ab016e238432169,ENDPOINT_ADDED,get,/auto194,1,0,0,0,0,0,0,0,0,,ENDPOINT_ADDED
pair-df526c57db5ceded10c4::ace::0,pair-df526c57db5ceded10c4,ENDPOINT_ADDED,get,/auto728,1,0,0,0,0,0,0,0,0,,ENDPOINT_ADDED
pair-df526c57db5ceded10c4::ace::1,pair-df526c57db5ceded10c4,PARAM_ADDED,get,/get3dsAvailability,1,0,0,0,0,0,11,0,0,synth-param,PARAM_ADDED
pair-dfa6b7963d0e46b3fc14::ace::1,pair-dfa6b7963d0e46b3fc14,ENDPOINT_ADDED,get,/auto855,1,0,0,0,0,0,0,0,0,,ENDPOINT_ADDED
pair-dfa6b7963d0e46b3fc14::ace::2,pair-dfa6b7963d0e46b3fc14,ENDPOINT_ADDED,get,/auto947,1,0,0,0,0,0,0,0,0,,ENDPOINT_ADDED
pair-e0366bbc394dbca0b4fa::ace::0,pair-e0366bbc394dbca0b4fa,ENDPOINT_ADDED,get,/maven-build/new,2,0,0,0,0,0,16,0,0,/maven-build/new,ENDPOINT_ADDED
pair-e4c0d55ef564d94a442f::ace::0,pair-e4c0d55ef564d94a442f,ENDPOINT_ADDED,get,/auto251,1,0,0,0,0,0,0,0,0,,ENDPOINT_ADDED
pair-e4c0d55ef564d94a442f::ace::1,pair-e4c0d55ef564d94a442f,ENDPOINT_ADDED,get,/auto526,1,0,0,0,0,0,0,0,0,,ENDPOINT_ADDED
pair-e528d1d6e15bd2135717::ace::0,pair-e528d1d6e15bd2135717,ENDPOINT_ADDED,post,/auto390,1,0,0,0,0,0,0,0,0,,ENDPOINT_ADDED
pair-e528d1d6e15bd2135717::ace::1,pair-e528d1d6e15bd2135717,ENDPOINT_ADDED,get,/auto501,1,0,0,0,0,0,0,0,0,,ENDPOINT_ADDED
pair-e528d1d6e15bd2135717::ace::2,pair-e528d1d6e15bd2135717,ENDPOINT_ADDED,post,/auto956,1,0,0,1,0,0,0,0,0,,ENDPOINT_ADDED
pair-e680ebb9e8ea4a68c7ed::ace::0,pair-e680ebb9e8ea4a68c7ed,ENDPOINT_ADDED,get,/auto956,1,0,0,0,0,0,0,0,0,,ENDPOINT_ADDED
pair-e680ebb9e8ea4a68c7ed::ace::1,pair-e680ebb9e8ea4a68c7ed,ENDPOINT_ADDED,get,/auto992,1,0,0,0,0,0,0,0,0,,ENDPOINT_ADDED
pair-e680ebb9e8ea4a68c7ed::ace::2,pair-e680ebb9e8ea4a68c7ed,ENDPOINT_REMOVED,post,/get3dsAvailability,1,0,0,0,0,0,0,0,0,,ENDPOINT_REMOVED
pair-e71825dfd02f2a9c0d21::ace::0,pair-e71825dfd02f2a9c0d21,ENDPOINT_ADDED,post,/auto745,1,0,0,0,0,0,0,0,0,,ENDPOINT_ADDED
pair-e71825dfd02f2a9c0d21::ace::1,pair-e71825dfd02f2a9c0d21,ENDPOINT_ADDED,post,/auto882,1,0,0,1,0,0,0,0,0,,ENDPOINT_ADDED
pair-e8c3707a5f8dd79e10b1::ace::0,pair-e8c3707a5f8dd79e10b1,ENDPOINT_ADDED,post,/auto102,1,0,0,0,0,0,0,0,0,,ENDPOINT_ADDED
pair-e8c3707a5f8dd79e10b1::ace::1,pair-e8c3707a5f8dd79e10b1,ENDPOINT_ADDED,post,/auto688,1,0,0,1,0,0,0,0,0,,ENDPOINT_ADDED
pair-ea0574aa4564f07451b2::ace::0,pair-ea0574aa4564f07451b2,ENDPOINT_ADDED,post,/auto678,1,0,0,1,0,0,0,0,0,,ENDPOINT_ADDED
pair-ea0574aa4564f07451b2::ace::1,pair-ea0574aa4564f07451b2,ENDPOINT_ADDED,get,/auto878,1,0,0,0,0,0,0,0,0,,ENDPOINT_ADDED
pair-ea0574aa4564f07451b2::ace::2,pair-ea0574aa4564f07451b2,ENDPOINT_REMOVED,delete,/v1/domains/{domain},3,0,0,0,0,0,0,0,0,,ENDPOINT_REMOVED
pair-ea0574aa4564f07451b2::ace::3,pair-ea0574aa4564f07451b2,ENDPOINT_REMOVED,get,/v1/domains/{domain},3,0,0,0,0,0,0,0,0,,ENDPOINT_REMOVED
pair-ea0574aa4564f07451b2::ace::4,pair-ea0574aa4564f07451b2,ENDPOINT_REMOVED,patch,/v1/domains/{domain},3,0,0,1,0,0,0,0,0,,ENDPOINT_REMOVED
pair-eb21e0a4078010ac6e47::ace::0,pair-eb21e0a4078010ac6e47,ENDPOINT_ADDED,post,/auto106,1,0,0,0,0,0,0,0,0,,ENDPOINT_ADDED
pair-eb21e0a4078010ac6e47::ace::1,pair-eb21e0a4078010ac6e47,ENDPOINT_ADDED,post,/auto412,1,0,0,0,0,0,0,0,0,,ENDPOINT_ADDED
pair-eb21e0a4078010ac6e47::ace::2,pair-eb21e0a4078010ac6e47,ENDPOINT_ADDED,get,/auto880,1,0,0,0,0,0,0,0,0,,ENDPOINT_ADDED
pair-eb21e0a4078010ac6e47::ace::3,pair-eb21e0a4078010ac6e47,ENDPOINT_REMOVED,get,/v1/orders/{orderId},3,0,0,0,0,0,0,0,0,,ENDPOINT_REMOVED
pair-eb2bda8429522445de84::ace::0,pair-eb2bda8429522445de84,ENDPOINT_ADDED,get,/auto386,1,0,0,0,0,0,0,0,0,,ENDPOINT_ADDED
pair-eb2bda8429522445de84::ace::1,pair-eb2bda8429522445de84,ENDPOINT_ADDED,get,/auto984,1,0,0,0,0,0,0,0,0,,ENDPOINT_ADDED
pair-eed6c66996bcb0273e52::ace::0,pair-eed6c66996bcb0273e52,ENDPOINT_ADDED,get,/auto824,1,0,0,0,0,0,0,0,0,,ENDPOINT_ADDED
pair-eed6c66996bcb0273e52::ace::1,pair-eed6c66996bcb0273e52,PARAM_ADDED,get,/images/visualsearch,2,0,0,0,0,0,11,0,0,synth-param,PARAM_ADDED
pair-ef4ef2268ca8a889a8ef::ace::0,pair-ef4ef2268ca8a889a8ef,ENDPOINT_ADDED,post,/auto824,1,0,0,0,0,0,0,0,0,,ENDPOINT_ADDED
pair-efa2b8ee1cde0e4dfaf7::ace::0,pair-efa2b8ee1cde0e4dfaf7,ENDPOINT_ADDED,get,/auto149,1,0,0,1,0,0,0,0,0,,ENDPOINT_ADDED
pair-efa2b8ee1cde0e4dfaf7::ace::1,pair-efa2b8ee1cde0e4dfaf7,ENDPOINT_ADDED,post,/auto244,1,0,0,0,0,0,0,0,0,,ENDPOINT_ADDED
pair-efa2b8ee1cde0e4dfaf7::ace::2,pair-efa2b8ee1cde0e4dfaf7,ENDPOINT_ADDED,post,/auto840,1,0,0,0,0,0,0,0,0,,ENDPOINT_ADDED
pair-efc726f5a9c967a56f49::ace::0,pair-efc726f5a9c967a56f49,ENDPOINT_ADDED,get,/auto358,1,0,0,0,0,0,0,0,0,,ENDPOINT_ADDED
pair-efc726f5a9c967a56f49::ace::1,pair-efc726f5a9c967a56f49,ENDPOINT_ADDED,get,/auto502,1,0,0,0,0,0,0,0,0,,ENDPOINT_ADDED
pair-f11288fa5b5be7edc4aa::ace::0,pair-f11288fa5b5be7edc4aa,ENDPOINT_ADDED,get,/auto284,1,0,0,0,0,0,0,0,0,,ENDPOINT_ADDED
pair-f11288fa5b5be7edc4aa::ace::1,pair-f11288fa5b5be7edc4aa,ENDPOINT_ADDED,get,/auto436,1,0,0,0,0,0,0,0,0,,ENDPOINT_ADDED
pair-f11288fa5b5be7edc4aa::ace::3,pair-f11288fa5b5be7edc4aa,ENDPOINT_REMOVED,get,/egm2008/gravity_anomaly,2,0,0,0,0,0,0,0,0,,ENDPOINT_REMOVED
pair-f21db60ced582e801049::ace::0,pair-f21db60ced582e801049,ENDPOINT_ADDED,get,/auto602,1,0,0,0,0,0,0,0,0,,ENDPOINT_ADDED
pair-f21db60ced582e801049::ace::1,pair-f21db60ced582e801049,PARAM_REQUIRED_ADDED,post,/tag,1,0,0,0,0,0,8,0,0,language,PARAM_REQUIRED_ADDED
pair-f3114f76bed44414aa76::ace::0,pair-f3114f76bed44414aa76,ENDPOINT_ADDED,post,/auto436,1,0,0,1,0,0,0,0,0,,ENDPOINT_ADDED
pair-f3114f76bed44414aa76::ace::1,pair-f3114f76bed44414aa76,ENDPOINT_ADDED,get,/auto997,1,0,0,1,0,0,0,0,0,,ENDPOINT_ADDED
pair-f417ae2dbf97cc368d27::ace::0,pair-f417ae2dbf97cc368d27,ENDPOINT_ADDED,post,/auto902,1,0,0,0,0,0,0,0,0,,ENDPOINT_ADDED
pair-f5ad555323fa24554743::ace::0,pair-f5ad555323fa24554743,ENDPOINT_ADDED,post,/auto133,1,0,0,0,0,0,0,0,0,,ENDPOINT_ADDED
pair-f5ad555323fa24554743::ace::1,pair-f5ad555323fa24554743,ENDPOINT_ADDED,post,/auto164,1,0,0,0,0,0,0,0,0,,ENDPOINT_ADDED
pair-f86ef48ef98401681105::ace::0,pair-f86ef48ef98401681105,ENDPOINT_ADDED,get,/auto863,1,0,0,0,0,0,0,0,0,,ENDPOINT_ADDED
pair-f86ef48ef98401681105::ace::1,pair-f86ef48ef98401681105,ENDPOINT_ADDED,get,/auto915,1,0,0,0,0,0,0,0,0,,ENDPOINT_ADDED
pair-f94a40f18a614e4466e3::ace::0,pair-f94a40f18a614e4466e3,ENDPOINT_ADDED,get,/auto105,1,0,0,0,0,0,0,0,0,,ENDPOINT_ADDED
pair-f94a40f18a614e4466e3::ace::1,pair-f94a40f18a614e4466e3,ENDPOINT_ADDED,get,/auto584,1,0,0,0,0,0,0,0,0,,ENDPOINT_ADDED
pair-fed74d933edd94e1b640::ace::0,pair-fed74d933edd94e1b640,ENDPOINT_ADDED,get,/auto902,1,0,0,0,0,0,0,0,0,,ENDPOINT_ADDED
pair-fed74d933edd94e1b640::ace::1,pair-fed74d933edd94e1b640,PARAM_ADDED,get,/cari7/ambient_dose,2,0,0,0,0,0,11,0,0,synth-param,PARAM_ADDED
pair-ff6cdd7ad0f3fb508038::ace::0,pair-ff6cdd7ad0f3fb508038,ENDPOINT_ADDED,get,/auto381,1,0,0,0,0,0,0,0,0,,ENDPOINT_ADDED
pair-ff6cdd7ad0f3fb508038::ace::1,pair-ff6cdd7ad0f3fb508038,ENDPOINT_ADDED,get,/auto526,1,0,0,0,0,0,0,0,0,,ENDPOINT_ADDED
pair-ff6cdd7ad0f3fb508038::ace::2,pair-ff6cdd7ad0f3fb508038,ENDPOINT_ADDED,get,/auto829,1,0,0,0,0,0,0,0,0,,ENDPOINT_ADDED
