ace_id,prob,pred,model
pair-25b48164e5f74a7facd1::ace::1,0.021225579286352957,0,LogisticRegression
pair-25b48164e5f74a7facd1::ace::0,0.021225579286352957,0,LogisticRegression
pair-f3114f76bed44414aa76::ace::0,0.9075218429191942,1,LogisticRegression
pair-acc2ececde18ed75d859::ace::1,0.021225579286352957,0,LogisticRegression
pair-505d964553005a3c5bd9::ace::0,0.021225579286352957,0,LogisticRegression
pair-3e3d387849b6d114866a::ace::2,0.021225579286352957,0,LogisticRegression
pair-cac6d37dc80cb1b6c05e::ace::1,0.021225579286352957,0,LogisticRegression
pair-d0ce4b8f04a8a967897d::ace::0,0.021225579286352957,0,LogisticRegression
pair-b5469800e4de72aa5c12::ace::1,0.021225579286352957,0,LogisticRegression
pair-03a156c8b704d8b1f9c2::ace::0,0.021225579286352957,0,LogisticRegression
pair-f5ad555323fa24554743::ace::1,0.021225579286352957,0,LogisticRegression
pair-878f797f095b4e3ae3a1::ace::0,0.021225579286352957,0,LogisticRegression
pair-ff6cdd7ad0f3fb508038::ace::0,0.021225579286352957,0,LogisticRegression
pair-8b06b1e921a9e791b37b::ace::1,0.021225579286352957,0,LogisticRegression
pair-8fa719a4f572e28c70d8::ace::0,0.021225579286352957,0,LogisticRegression
pair-e71825dfd02f2a9c0d21::ace::0,0.021225579286352957,0,LogisticRegression
pair-ca862f4e3f5f5163871d::ace::0,0.021225579286352957,0,LogisticRegression
pair-38e1dc419ee0b4430b67::ace::2,0.021225579286352957,0,LogisticRegression
pair-3f39af8345b58088f52b::ace::0,0.021225579286352957,0,LogisticRegression
pair-5db123faec6b2392ce00::ace::2,0.021225579286352957,0,LogisticRegression
pair-c92b6d6ca5a4a6dcba1d::ace::0,0.9075218429191942,1,LogisticRegression
pair-6db622c92b5c6a33162b::ace::0,0.021225579286352957,0,LogisticRegression
pair-a9b8f3ea6d40f7d5c982::ace::0,0.021225579286352957,0,LogisticRegression
pair-f11288fa5b5be7edc4aa::ace::0,0.021225579286352957,0,LogisticRegression
pair-2d47fcbb848f92f0cb44::ace::0,0.0021694355541535017,0,LogisticRegression
pair-f11288fa5b5be7edc4aa::ace::3,0.02281863494515411,0,LogisticRegression
pair-83486e2168f96e163426::ace::3,0.021225579286352957,0,LogisticRegression
pair-dfa6b7963d0e46b3fc14::ace::2,0.021225579286352957,0,LogisticRegression
pair-5db123faec6b2392ce00::ace::0,0.021225579286352957,0,LogisticRegression
pair-87def75c4380aa9821dd::ace::1,0.021225579286352957,0,LogisticRegression
pair-c90b3e366c6884a64f32::ace::0,0.021225579286352957,0,LogisticRegression
pair-d6108ab0b95d319f4c79::ace::2,0.021225579286352957,0,LogisticRegression
pair-48366478b8c6eb6fa65c::ace::2,0.021225579286352957,0,LogisticRegression
pair-697e301191c596de5d85::ace::0,0.021225579286352957,0,LogisticRegression
pair-cac7b8869f775ede45ad::ace::1,0.021225579286352957,0,LogisticRegression
pair-5c3303364bc6c364e18d::ace::2,0.9075218429191942,1,LogisticRegression
pair-e680ebb9e8ea4a68c7ed::ace::2,0.021225579286352957,0,LogisticRegression
pair-785d015c35ac5e448fed::ace::3,0.021225579286352957,0,LogisticRegression
pair-b9d4cce1f40552cf36c5::ace::1,0.021225579286352957,0,LogisticRegression
pair-16e8676931964a4662ee::ace::2,8.557209005663584e-05,0,LogisticRegression
pair-16e8676931964a4662ee::ace::1,0.021225579286352957,0,LogisticRegression
pair-4ba5c1285aba30ef1e2f::ace::0,0.021225579286352957,0,LogisticRegression
pair-4ba5c1285aba30ef1e2f::ace::1,0.021225579286352957,0,LogisticRegression
pair-6bad542a17117127fc86::ace::1,0.00037430194734077896,0,LogisticRegression
pair-09d14202120c911f3ead::ace::1,0.021225579286352957,0,LogisticRegression
pair-83b000bcd5cdae56e14a::ace::0,0.021225579286352957,0,LogisticRegression
pair-7c517eefc11f080484c3::ace::2,0.021225579286352957,0,LogisticRegression
pair-8775458af36c08654345::ace::0,0.021225579286352957,0,LogisticRegression
pair-d24008d64f0fcbaebec1::ace::1,0.021225579286352957,0,LogisticRegression
pair-e8c3707a5f8dd79e10b1::ace::1,0.9075218429191942,1,LogisticRegression
pair-b307d26a5b2e4b98e66f::ace::0,0.021225579286352957,0,LogisticRegression
pair-13b45bd603d147f7c8ca::ace::0,0.021225579286352957,0,LogisticRegression
pair-cac6d37dc80cb1b6c05e::ace::0,0.021225579286352957,0,LogisticRegression
pair-11429e88d01c9ec65f79::ace::2,0.9135478431110614,1,LogisticRegression
pair-12efa2508adb088a74b7::ace::2,0.02281863494515411,0,LogisticRegression
pair-1b026d2fc7e84ad6a7c3::ace::1,0.021225579286352957,0,LogisticRegression
pair-90f07a1ac4c8d3f66169::ace::2,0.021225579286352957,0,LogisticRegression
pair-cac7b8869f775ede45ad::ace::0,0.021225579286352957,0,LogisticRegression
pair-70ae9fbe32ab9fb6526e::ace::0,0.9075218429191942,1,LogisticRegression
pair-16319f496c227b1f62cf::ace::0,0.021225579286352957,0,LogisticRegression
pair-0c8931fd9b623a92d839::ace::0,0.021225579286352957,0,LogisticRegression
pair-5ee32cdbc2178a6999f2::ace::0,0.021225579286352957,0,LogisticRegression
pair-c0e59ae3e6f4ea81ba86::ace::0,0.021225579286352957,0,LogisticRegression
pair-25eb77016486cc8555f4::ace::0,0.9075218429191942,1,LogisticRegression
pair-09d14202120c911f3ead::ace::2,0.021225579286352957,0,LogisticRegression
pair-a170fcb7aae74fceb59c::ace::1,0.021225579286352957,0,LogisticRegression
pair-47f6819e2c53382104c2::ace::0,0.021225579286352957,0,LogisticRegression
pair-554bbaa34e5848e5605b::ace::1,0.021225579286352957,0,LogisticRegression
pair-69b89fa035b1c028cc38::ace::2,0.0025449821998772583,0,LogisticRegression
pair-b46836c004064771a82b::ace::0,0.021225579286352957,0,LogisticRegression
pair-b8a11f61ca8c0819b663::ace::0,0.021225579286352957,0,LogisticRegression
pair-25b48164e5f74a7facd1::ace::4,0.024528258822199046,0,LogisticRegression
pair-5db123faec6b2392ce00::ace::1,0.021225579286352957,0,LogisticRegression
pair-643eef61b1d1cd322c9c::ace::0,0.021225579286352957,0,LogisticRegression
pair-8b06b1e921a9e791b37b::ace::2,0.9075218429191942,1,LogisticRegression
pair-1c8f99b7615d9da947a8::ace::2,0.021225579286352957,0,LogisticRegression
pair-5db123faec6b2392ce00::ace::3,0.02281863494515411,0,LogisticRegression
pair-b46836c004064771a82b::ace::1,0.021225579286352957,0,LogisticRegression
pair-b307d26a5b2e4b98e66f::ace::3,0.02281863494515411,0,LogisticRegression
pair-48b1390d368c37e71c2d::ace::4,0.024528258822199046,0,LogisticRegression
pair-878f797f095b4e3ae3a1::ace::1,0.021225579286352957,0,LogisticRegression
pair-1053eead2c50abf268a8::ace::0,0.021225579286352957,0,LogisticRegression
pair-ae82383e5f1a4ac72ffa::ace::0,0.021225579286352957,0,LogisticRegression
pair-f21db60ced582e801049::ace::1,0.0011314998979806827,0,LogisticRegression
pair-2c0f3c62564ee812dd52::ace::1,0.021225579286352957,0,LogisticRegression
pair-960af8199fe6c85eb5b3::ace::0,0.021225579286352957,0,LogisticRegression
pair-170288831d1844ce472e::ace::0,0.021225579286352957,0,LogisticRegression
pair-0b81a52e8d68f73a0ca9::ace::2,0.021225579286352957,0,LogisticRegression
pair-03a156c8b704d8b1f9c2::ace::1,0.9075218429191942,1,LogisticRegression
pair-40caf6b07ed3a7debe4d::ace::1,0.021225579286352957,0,LogisticRegression
pair-16319f496c227b1f62cf::ace::1,0.021225579286352957,0,LogisticRegression
pair-21d13a0906344e169afe::ace::1,0.021225579286352957,0,LogisticRegression
pair-a170fcb7aae74fceb59c::ace::2,0.9075218429191942,1,LogisticRegression
pair-e680ebb9e8ea4a68c7ed::ace::1,0.021225579286352957,0,LogisticRegression
pair-3c7381b2387b0207d010::ace::2,0.021225579286352957,0,LogisticRegression
pair-8fa719a4f572e28c70d8::ace::1,0.021225579286352957,0,LogisticRegression
pair-2013c6a0ccfb3c6e7f17::ace::0,0.021225579286352957,0,LogisticRegression
pair-3c51db27d732b4e2c57d::ace::2,0.9075218429191942,1,LogisticRegression
pair-b5469800e4de72aa5c12::ace::4,0.024528258822199046,0,LogisticRegression
pair-1892c8b7f1b31f668133::ace::1,0.9075218429191942,1,LogisticRegression
pair-c92b6d6ca5a4a6dcba1d::ace::1,0.021225579286352957,0,LogisticRegression
pair-b3e5a7e11ed378e3b583::ace::2,0.9075218429191942,1,LogisticRegression
pair-4276f77857f74a3d2a8d::ace::2,0.9075218429191942,1,LogisticRegression
pair-785d015c35ac5e448fed::ace::2,0.021225579286352957,0,LogisticRegression
pair-a170fcb7aae74fceb59c::ace::0,0.9075218429191942,1,LogisticRegression
pair-a9b8f3ea6d40f7d5c982::ace::1,0.9075218429191942,1,LogisticRegression
pair-3e263536c9fe49de934e::ace::1,0.021225579286352957,0,LogisticRegression
pair-94ae8859244091697cc2::ace::1,0.021225579286352957,0,LogisticRegression
pair-b554245f5eefcbf144f7::ace::0,0.021225579286352957,0,LogisticRegression
pair-1c8f99b7615d9da947a8::ace::0,0.021225579286352957,0,LogisticRegression
pair-cb055ce808052ff2b167::ace::2,0.9075218429191942,1,LogisticRegression
pair-2013c6a0ccfb3c6e7f17::ace::1,0.9075218429191942,1,LogisticRegression
pair-6db622c92b5c6a33162b::ace::1,0.021225579286352957,0,LogisticRegression
pair-ff6cdd7ad0f3fb508038::ace::2,0.021225579286352957,0,LogisticRegression
pair-2c309b3cfff272c30da5::ace::1,0.021225579286352957,0,LogisticRegression
pair-cb055ce808052ff2b167::ace::1,0.021225579286352957,0,LogisticRegression
pair-5c3303364bc6c364e18d::ace::1,0.9075218429191942,1,LogisticRegression
pair-4e60011efcfae0f5afd9::ace::0,0.021225579286352957,0,LogisticRegression
pair-06395ff3626e315cee4a::ace::0,0.021225579286352957,0,LogisticRegression
pair-7c517eefc11f080484c3::ace::0,0.021225579286352957,0,LogisticRegression
pair-69d8e86fed77c9c1c4f6::ace::3,0.021225579286352957,0,LogisticRegression
pair-2b96eb5dbf00d54fd683::ace::2,0.021225579286352957,0,LogisticRegression
pair-acc2ececde18ed75d859::ace::0,0.9075218429191942,1,LogisticRegression
pair-b554245f5eefcbf144f7::ace::1,0.9075218429191942,1,LogisticRegression
pair-f94a40f18a614e4466e3::ace::0,0.021225579286352957,0,LogisticRegression
pair-50eba5e3aa31465cb504::ace::1,0.021225579286352957,0,LogisticRegression
pair-cef53f197c1849e4094b::ace::0,0.021225579286352957,0,LogisticRegression
pair-d24008d64f0fcbaebec1::ace::0,0.021225579286352957,0,LogisticRegression
pair-d5a5c1676ee91c9aaf39::ace::2,0.9075218429191942,1,LogisticRegression
pair-16319f496c227b1f62cf::ace::2,0.021225579286352957,0,LogisticRegression
pair-25b48164e5f74a7facd1::ace::1,0.0,0,RandomForest
pair-25b48164e5f74a7facd1::ace::0,0.0,0,RandomForest
pair-f3114f76bed44414aa76::ace::0,1.0,1,RandomForest
pair-acc2ececde18ed75d859::ace::1,0.0,0,RandomForest
pair-505d964553005a3c5bd9::ace::0,0.0,0,RandomForest
pair-3e3d387849b6d114866a::ace::2,0.0,0,RandomForest
pair-cac6d37dc80cb1b6c05e::ace::1,0.0,0,RandomForest
pair-d0ce4b8f04a8a967897d::ace::0,0.0,0,RandomForest
pair-b5469800e4de72aa5c12::ace::1,0.0,0,RandomForest
pair-03a156c8b704d8b1f9c2::ace::0,0.0,0,RandomForest
pair-f5ad555323fa24554743::ace::1,0.0,0,RandomForest
pair-878f797f095b4e3ae3a1::ace::0,0.0,0,RandomForest
pair-ff6cdd7ad0f3fb508038::ace::0,0.0,0,RandomForest
pair-8b06b1e921a9e791b37b::ace::1,0.0,0,RandomForest
pair-8fa719a4f572e28c70d8::ace::0,0.0,0,RandomForest
pair-e71825dfd02f2a9c0d21::ace::0,0.0,0,RandomForest
pair-ca862f4e3f5f5163871d::ace::0,0.0,0,RandomForest
pair-38e1dc419ee0b4430b67::ace::2,0.0,0,RandomForest
pair-3f39af8345b58088f52b::ace::0,0.0,0,RandomForest
pair-5db123faec6b2392ce00::ace::2,0.0,0,RandomForest
pair-c92b6d6ca5a4a6dcba1d::ace::0,1.0,1,RandomForest
pair-6db622c92b5c6a33162b::ace::0,0.0,0,RandomForest
pair-a9b8f3ea6d40f7d5c982::ace::0,0.0,0,RandomForest
pair-f11288fa5b5be7edc4aa::ace::0,0.0,0,RandomForest
pair-2d47fcbb848f92f0cb44::ace::0,0.0,0,RandomForest
pair-f11288fa5b5be7edc4aa::ace::3,0.0,0,RandomForest
pair-83486e2168f96e163426::ace::3,0.0,0,RandomForest
pair-dfa6b7963d0e46b3fc14::ace::2,0.0,0,RandomForest
pair-5db123faec6b2392ce00::ace::0,0.0,0,RandomForest
pair-87def75c4380aa9821dd::ace::1,0.0,0,RandomForest
pair-c90b3e366c6884a64f32::ace::0,0.0,0,RandomForest
pair-d6108ab0b95d319f4c79::ace::2,0.0,0,RandomForest
pair-48366478b8c6eb6fa65c::ace::2,0.0,0,RandomForest
pair-697e301191c596de5d85::ace::0,0.0,0,RandomForest
pair-cac7b8869f775ede45ad::ace::1,0.0,0,RandomForest
pair-5c3303364bc6c364e18d::ace::2,1.0,1,RandomForest
pair-e680ebb9e8ea4a68c7ed::ace::2,0.0,0,RandomForest
pair-785d015c35ac5e448fed::ace::3,0.0,0,RandomForest
pair-b9d4cce1f40552cf36c5::ace::1,0.0,0,RandomForest
pair-16e8676931964a4662ee::ace::2,0.0,0,RandomForest
pair-16e8676931964a4662ee::ace::1,0.0,0,RandomForest
pair-4ba5c1285aba30ef1e2f::ace::0,0.0,0,RandomForest
pair-4ba5c1285aba30ef1e2f::ace::1,0.0,0,RandomForest
pair-6bad542a17117127fc86::ace::1,0.0,0,RandomForest
pair-09d14202120c911f3ead::ace::1,0.0,0,RandomForest
pair-83b000bcd5cdae56e14a::ace::0,0.0,0,RandomForest
pair-7c517eefc11f080484c3::ace::2,0.0,0,RandomForest
pair-8775458af36c08654345::ace::0,0.0,0,RandomForest
pair-d24008d64f0fcbaebec1::ace::1,0.0,0,RandomForest
pair-e8c3707a5f8dd79e10b1::ace::1,1.0,1,RandomForest
pair-b307d26a5b2e4b98e66f::ace::0,0.0,0,RandomForest
pair-13b45bd603d147f7c8ca::ace::0,0.0,0,RandomForest
pair-cac6d37dc80cb1b6c05e::ace::0,0.0,0,RandomForest
pair-11429e88d01c9ec65f79::ace::2,0.985,1,RandomForest
pair-12efa2508adb088a74b7::ace::2,0.0,0,RandomForest
pair-1b026d2fc7e84ad6a7c3::ace::1,0.0,0,RandomForest
pair-90f07a1ac4c8d3f66169::ace::2,0.0,0,RandomForest
pair-cac7b8869f775ede45ad::ace::0,0.0,0,RandomForest
pair-70ae9fbe32ab9fb6526e::ace::0,1.0,1,RandomForest
pair-16319f496c227b1f62cf::ace::0,0.0,0,RandomForest
pair-0c8931fd9b623a92d839::ace::0,0.0,0,RandomForest
pair-5ee32cdbc2178a6999f2::ace::0,0.0,0,RandomForest
pair-c0e59ae3e6f4ea81ba86::ace::0,0.0,0,RandomForest
pair-25eb77016486cc8555f4::ace::0,1.0,1,RandomForest
pair-09d14202120c911f3ead::ace::2,0.0,0,RandomForest
pair-a170fcb7aae74fceb59c::ace::1,0.0,0,RandomForest
pair-47f6819e2c53382104c2::ace::0,0.0,0,RandomForest
pair-554bbaa34e5848e5605b::ace::1,0.0,0,RandomForest
pair-69b89fa035b1c028cc38::ace::2,0.0,0,RandomForest
pair-b46836c004064771a82b::ace::0,0.0,0,RandomForest
pair-b8a11f61ca8c0819b663::ace::0,0.0,0,RandomForest
pair-25b48164e5f74a7facd1::ace::4,0.0,0,RandomForest
pair-5db123faec6b2392ce00::ace::1,0.0,0,RandomForest
pair-643eef61b1d1cd322c9c::ace::0,0.0,0,RandomForest
pair-8b06b1e921a9e791b37b::ace::2,1.0,1,RandomForest
pair-1c8f99b7615d9da947a8::ace::2,0.0,0,RandomForest
pair-5db123faec6b2392ce00::ace::3,0.0,0,RandomForest
pair-b46836c004064771a82b::ace::1,0.0,0,RandomForest
pair-b307d26a5b2e4b98e66f::ace::3,0.0,0,RandomForest
pair-48b1390d368c37e71c2d::ace::4,0.0,0,RandomForest
pair-878f797f095b4e3ae3a1::ace::1,0.0,0,RandomForest
pair-1053eead2c50abf268a8::ace::0,0.0,0,RandomForest
pair-ae82383e5f1a4ac72ffa::ace::0,0.0,0,RandomForest
pair-f21db60ced582e801049::ace::1,0.0,0,RandomForest
pair-2c0f3c62564ee812dd52::ace::1,0.0,0,RandomForest
pair-960af8199fe6c85eb5b3::ace::0,0.0,0,RandomForest
pair-170288831d1844ce472e::ace::0,0.0,0,RandomForest
pair-0b81a52e8d68f73a0ca9::ace::2,0.0,0,RandomForest
pair-03a156c8b704d8b1f9c2::ace::1,1.0,1,RandomForest
pair-40caf6b07ed3a7debe4d::ace::1,0.0,0,RandomForest
pair-16319f496c227b1f62cf::ace::1,0.0,0,RandomForest
pair-21d13a0906344e169afe::ace::1,0.0,0,RandomForest
pair-a170fcb7aae74fceb59c::ace::2,1.0,1,RandomForest
pair-e680ebb9e8ea4a68c7ed::ace::1,0.0,0,RandomForest
pair-3c7381b2387b0207d010::ace::2,0.0,0,RandomForest
pair-8fa719a4f572e28c70d8::ace::1,0.0,0,RandomForest
pair-2013c6a0ccfb3c6e7f17::ace::0,0.0,0,RandomForest
pair-3c51db27d732b4e2c57d::ace::2,1.0,1,RandomForest
pair-b5469800e4de72aa5c12::ace::4,0.0,0,RandomForest
pair-1892c8b7f1b31f668133::ace::1,1.0,1,RandomForest
pair-c92b6d6ca5a4a6dcba1d::ace::1,0.0,0,RandomForest
pair-b3e5a7e11ed378e3b583::ace::2,1.0,1,RandomForest
pair-4276f77857f74a3d2a8d::ace::2,1.0,1,RandomForest
pair-785d015c35ac5e448fed::ace::2,0.0,0,RandomForest
pair-a170fcb7aae74fceb59c::ace::0,1.0,1,RandomForest
pair-a9b8f3ea6d40f7d5c982::ace::1,1.0,1,RandomForest
pair-3e263536c9fe49de934e::ace::1,0.0,0,RandomForest
pair-94ae8859244091697cc2::ace::1,0.0,0,RandomForest
pair-b554245f5eefcbf144f7::ace::0,0.0,0,RandomForest
pair-1c8f99b7615d9da947a8::ace::0,0.0,0,RandomForest
pair-cb055ce808052ff2b167::ace::2,1.0,1,RandomForest
pair-2013c6a0ccfb3c6e7f17::ace::1,1.0,1,RandomForest
pair-6db622c92b5c6a33162b::ace::1,0.0,0,RandomForest
pair-ff6cdd7ad0f3fb508038::ace::2,0.0,0,RandomForest
pair-2c309b3cfff272c30da5::ace::1,0.0,0,RandomForest
pair-cb055ce808052ff2b167::ace::1,0.0,0,RandomForest
pair-5c3303364bc6c364e18d::ace::1,1.0,1,RandomForest
pair-4e60011efcfae0f5afd9::ace::0,0.0,0,RandomForest
pair-06395ff3626e315cee4a::ace::0,0.0,0,RandomForest
pair-7c517eefc11f080484c3::ace::0,0.0,0,RandomForest
pair-69d8e86fed77c9c1c4f6::ace::3,0.0,0,RandomForest
pair-2b96eb5dbf00d54fd683::ace::2,0.0,0,RandomForest
pair-acc2ececde18ed75d859::ace::0,1.0,1,RandomForest
pair-b554245f5eefcbf144f7::ace::1,1.0,1,RandomForest
pair-f94a40f18a614e4466e3::ace::0,0.0,0,RandomForest
pair-50eba5e3aa31465cb504::ace::1,0.0,0,RandomForest
pair-cef53f197c1849e4094b::ace::0,0.0,0,RandomForest
pair-d24008d64f0fcbaebec1::ace::0,0.0,0,RandomForest
pair-d5a5c1676ee91c9aaf39::ace::2,1.0,1,RandomForest
pair-16319f496c227b1f62cf::ace::2,0.0,0,RandomForest
pair-25b48164e5f74a7facd1::ace::1,6.793065851712822e-09,0,GradientBoosting
pair-25b48164e5f74a7facd1::ace::0,6.793065851712822e-09,0,GradientBoosting
pair-f3114f76bed44414aa76::ace::0,0.9999999675731813,1,GradientBoosting
pair-acc2ececde18ed75d859::ace::1,6.793065851712822e-09,0,GradientBoosting
pair-505d964553005a3c5bd9::ace::0,6.793065851712822e-09,0,GradientBoosting
pair-3e3d387849b6d114866a::ace::2,6.793065851712822e-09,0,GradientBoosting
pair-cac6d37dc80cb1b6c05e::ace::1,6.793065851712822e-09,0,GradientBoosting
pair-d0ce4b8f04a8a967897d::ace::0,6.793065851712822e-09,0,GradientBoosting
pair-b5469800e4de72aa5c12::ace::1,6.793065851712822e-09,0,GradientBoosting
pair-03a156c8b704d8b1f9c2::ace::0,6.793065851712822e-09,0,GradientBoosting
pair-f5ad555323fa24554743::ace::1,6.793065851712822e-09,0,GradientBoosting
pair-878f797f095b4e3ae3a1::ace::0,6.793065851712822e-09,0,GradientBoosting
pair-ff6cdd7ad0f3fb508038::ace::0,6.793065851712822e-09,0,GradientBoosting
pair-8b06b1e921a9e791b37b::ace::1,6.793065851712822e-09,0,GradientBoosting
pair-8fa719a4f572e28c70d8::ace::0,6.793065851712822e-09,0,GradientBoosting
pair-e71825dfd02f2a9c0d21::ace::0,6.793065851712822e-09,0,GradientBoosting
pair-ca862f4e3f5f5163871d::ace::0,6.793065851712822e-09,0,GradientBoosting
pair-38e1dc419ee0b4430b67::ace::2,6.793065851712822e-09,0,GradientBoosting
pair-3f39af8345b58088f52b::ace::0,6.793065851712822e-09,0,GradientBoosting
pair-5db123faec6b2392ce00::ace::2,6.793065851712822e-09,0,GradientBoosting
pair-c92b6d6ca5a4a6dcba1d::ace::0,0.9999999675731813,1,GradientBoosting
pair-6db622c92b5c6a33162b::ace::0,6.793065851712822e-09,0,GradientBoosting
pair-a9b8f3ea6d40f7d5c982::ace::0,6.793065851712822e-09,0,GradientBoosting
pair-f11288fa5b5be7edc4aa::ace::0,6.793065851712822e-09,0,GradientBoosting
pair-2d47fcbb848f92f0cb44::ace::0,6.793065851712822e-09,0,GradientBoosting
pair-f11288fa5b5be7edc4aa::ace::3,6.793065851712822e-09,0,GradientBoosting
pair-83486e2168f96e163426::ace::3,6.793065851712822e-09,0,GradientBoosting
pair-dfa6b7963d0e46b3fc14::ace::2,6.793065851712822e-09,0,GradientBoosting
pair-5db123faec6b2392ce00::ace::0,6.793065851712822e-09,0,GradientBoosting
pair-87def75c4380aa9821dd::ace::1,6.793065851712822e-09,0,GradientBoosting
pair-c90b3e366c6884a64f32::ace::0,6.793065851712822e-09,0,GradientBoosting
pair-d6108ab0b95d319f4c79::ace::2,6.793065851712822e-09,0,GradientBoosting
pair-48366478b8c6eb6fa65c::ace::2,6.793065851712822e-09,0,GradientBoosting
pair-697e301191c596de5d85::ace::0,6.793065851712822e-09,0,GradientBoosting
pair-cac7b8869f775ede45ad::ace::1,6.793065851712822e-09,0,GradientBoosting
pair-5c3303364bc6c364e18d::ace::2,0.9999999675731813,1,GradientBoosting
pair-e680ebb9e8ea4a68c7ed::ace::2,6.793065851712822e-09,0,GradientBoosting
pair-785d015c35ac5e448fed::ace::3,6.793065851712822e-09,0,GradientBoosting
pair-b9d4cce1f40552cf36c5::ace::1,6.793065851712822e-09,0,GradientBoosting
pair-16e8676931964a4662ee::ace::2,6.793065851712822e-09,0,GradientBoosting
pair-16e8676931964a4662ee::ace::1,6.793065851712822e-09,0,GradientBoosting
pair-4ba5c1285aba30ef1e2f::ace::0,6.793065851712822e-09,0,GradientBoosting
pair-4ba5c1285aba30ef1e2f::ace::1,6.793065851712822e-09,0,GradientBoosting
pair-6bad542a17117127fc86::ace::1,6.793065851712822e-09,0,GradientBoosting
pair-09d14202120c911f3ead::ace::1,6.793065851712822e-09,0,GradientBoosting
pair-83b000bcd5cdae56e14a::ace::0,6.793065851712822e-09,0,GradientBoosting
pair-7c517eefc11f080484c3::ace::2,6.793065851712822e-09,0,GradientBoosting
pair-8775458af36c08654345::ace::0,6.793065851712822e-09,0,GradientBoosting
pair-d24008d64f0fcbaebec1::ace::1,6.793065851712822e-09,0,GradientBoosting
pair-e8c3707a5f8dd79e10b1::ace::1,0.9999999675731813,1,GradientBoosting
pair-b307d26a5b2e4b98e66f::ace::0,6.793065851712822e-09,0,GradientBoosting
pair-13b45bd603d147f7c8ca::ace::0,6.793065851712822e-09,0,GradientBoosting
pair-cac6d37dc80cb1b6c05e::ace::0,6.793065851712822e-09,0,GradientBoosting
pair-11429e88d01c9ec65f79::ace::2,0.9999999675731813,1,GradientBoosting
pair-12efa2508adb088a74b7::ace::2,6.793065851712822e-09,0,GradientBoosting
pair-1b026d2fc7e84ad6a7c3::ace::1,6.793065851712822e-09,0,GradientBoosting
pair-90f07a1ac4c8d3f66169::ace::2,6.793065851712822e-09,0,GradientBoosting
pair-cac7b8869f775ede45ad::ace::0,6.793065851712822e-09,0,GradientBoosting
pair-70ae9fbe32ab9fb6526e::ace::0,0.9999999675731813,1,GradientBoosting
pair-16319f496c227b1f62cf::ace::0,6.793065851712822e-09,0,GradientBoosting
pair-0c8931fd9b623a92d839::ace::0,6.793065851712822e-09,0,GradientBoosting
pair-5ee32cdbc2178a6999f2::ace::0,6.793065851712822e-09,0,GradientBoosting
pair-c0e59ae3e6f4ea81ba86::ace::0,6.793065851712822e-09,0,GradientBoosting
pair-25eb77016486cc8555f4::ace::0,0.9999999675731813,1,GradientBoosting
pair-09d14202120c911f3ead::ace::2,6.793065851712822e-09,0,GradientBoosting
pair-a170fcb7aae74fceb59c::ace::1,6.793065851712822e-09,0,GradientBoosting
pair-47f6819e2c53382104c2::ace::0,6.793065851712822e-09,0,GradientBoosting
pair-554bbaa34e5848e5605b::ace::1,6.793065851712822e-09,0,GradientBoosting
pair-69b89fa035b1c028cc38::ace::2,6.793065851712822e-09,0,GradientBoosting
pair-b46836c004064771a82b::ace::0,6.793065851712822e-09,0,GradientBoosting
pair-b8a11f61ca8c0819b663::ace::0,6.793065851712822e-09,0,GradientBoosting
pair-25b48164e5f74a7facd1::ace::4,6.793065851712822e-09,0,GradientBoosting
pair-5db123faec6b2392ce00::ace::1,6.793065851712822e-09,0,GradientBoosting
pair-643eef61b1d1cd322c9c::ace::0,6.793065851712822e-09,0,GradientBoosting
pair-8b06b1e921a9e791b37b::ace::2,0.9999999675731813,1,GradientBoosting
pair-1c8f99b7615d9da947a8::ace::2,6.793065851712822e-09,0,GradientBoosting
pair-5db123faec6b2392ce00::ace::3,6.793065851712822e-09,0,GradientBoosting
pair-b46836c004064771a82b::ace::1,6.793065851712822e-09,0,GradientBoosting
pair-b307d26a5b2e4b98e66f::ace::3,6.793065851712822e-09,0,GradientBoosting
pair-48b1390d368c37e71c2d::ace::4,6.793065851712822e-09,0,GradientBoosting
pair-878f797f095b4e3ae3a1::ace::1,6.793065851712822e-09,0,GradientBoosting
pair-1053eead2c50abf268a8::ace::0,6.793065851712822e-09,0,GradientBoosting
pair-ae82383e5f1a4ac72ffa::ace::0,6.793065851712822e-09,0,GradientBoosting
pair-f21db60ced582e801049::ace::1,6.793065851712822e-09,0,GradientBoosting
pair-2c0f3c62564ee812dd52::ace::1,6.793065851712822e-09,0,GradientBoosting
pair-960af8199fe6c85eb5b3::ace::0,6.793065851712822e-09,0,GradientBoosting
pair-170288831d1844ce472e::ace::0,6.793065851712822e-09,0,GradientBoosting
pair-0b81a52e8d68f73a0ca9::ace::2,6.793065851712822e-09,0,GradientBoosting
pair-03a156c8b704d8b1f9c2::ace::1,0.9999999675731813,1,GradientBoosting
pair-40caf6b07ed3a7debe4d::ace::1,6.793065851712822e-09,0,GradientBoosting
pair-16319f496c227b1f62cf::ace::1,6.793065851712822e-09,0,GradientBoosting
pair-21d13a0906344e169afe::ace::1,6.793065851712822e-09,0,GradientBoosting
pair-a170fcb7aae74fceb59c::ace::2,0.9999999675731813,1,GradientBoosting
pair-e680ebb9e8ea4a68c7ed::ace::1,6.793065851712822e-09,0,GradientBoosting
pair-3c7381b2387b0207d010::ace::2,6.793065851712822e-09,0,GradientBoosting
pair-8fa719a4f572e28c70d8::ace::1,6.793065851712822e-09,0,GradientBoosting
pair-2013c6a0ccfb3c6e7f17::ace::0,6.793065851712822e-09,0,GradientBoosting
pair-3c51db27d732b4e2c57d::ace::2,0.9999999675731813,1,GradientBoosting
pair-b5469800e4de72aa5c12::ace::4,6.793065851712822e-09,0,GradientBoosting
pair-1892c8b7f1b31f668133::ace::1,0.9999999675731813,1,GradientBoosting
pair-c92b6d6ca5a4a6dcba1d::ace::1,6.793065851712822e-09,0,GradientBoosting
pair-b3e5a7e11ed378e3b583::ace::2,0.9999999675731813,1,GradientBoosting
pair-4276f77857f74a3d2a8d::ace::2,0.9999999675731813,1,GradientBoosting
pair-785d015c35ac5e448fed::ace::2,6.793065851712822e-09,0,GradientBoosting
pair-a170fcb7aae74fceb59c::ace::0,0.9999999675731813,1,GradientBoosting
pair-a9b8f3ea6d40f7d5c982::ace::1,0.9999999675731813,1,GradientBoosting
pair-3e263536c9fe49de934e::ace::1,6.793065851712822e-09,0,GradientBoosting
pair-94ae8859244091697cc2::ace::1,6.793065851712822e-09,0,GradientBoosting
pair-b554245f5eefcbf144f7::ace::0,6.793065851712822e-09,0,GradientBoosting
pair-1c8f99b7615d9da947a8::ace::0,6.793065851712822e-09,0,GradientBoosting
pair-cb055ce808052ff2b167::ace::2,0.9999999675731813,1,GradientBoosting
pair-2013c6a0ccfb3c6e7f17::ace::1,0.9999999675731813,1,GradientBoosting
pair-6db622c92b5c6a33162b::ace::1,6.793065851712822e-09,0,GradientBoosting
pair-ff6cdd7ad0f3fb508038::ace::2,6.793065851712822e-09,0,GradientBoosting
pair-2c309b3cfff272c30da5::ace::1,6.793065851712822e-09,0,GradientBoosting
pair-cb055ce808052ff2b167::ace::1,6.793065851712822e-09,0,GradientBoosting
pair-5c3303364bc6c364e18d::ace::1,0.9999999675731813,1,GradientBoosting
pair-4e60011efcfae0f5afd9::ace::0,6.793065851712822e-09,0,GradientBoosting
pair-06395ff3626e315cee4a::ace::0,6.793065851712822e-09,0,GradientBoosting
pair-7c517eefc11f080484c3::ace::0,6.793065851712822e-09,0,GradientBoosting
pair-69d8e86fed77c9c1c4f6::ace::3,6.793065851712822e-09,0,GradientBoosting
pair-2b96eb5dbf00d54fd683::ace::2,6.793065851712822e-09,0,GradientBoosting
pair-acc2ececde18ed75d859::ace::0,0.9999999675731813,1,GradientBoosting
pair-b554245f5eefcbf144f7::ace::1,0.9999999675731813,1,GradientBoosting
pair-f94a40f18a614e4466e3::ace::0,6.793065851712822e-09,0,GradientBoosting
pair-50eba5e3aa31465cb504::ace::1,6.793065851712822e-09,0,GradientBoosting
pair-cef53f197c1849e4094b::ace::0,6.793065851712822e-09,0,GradientBoosting
pair-d24008d64f0fcbaebec1::ace::0,6.793065851712822e-09,0,GradientBoosting
pair-d5a5c1676ee91c9aaf39::ace::2,0.9999999675731813,1,GradientBoosting
pair-16319f496c227b1f62cf::ace::2,6.793065851712822e-09,0,GradientBoosting
